Instance_ID,Enabled,Zone,Parent_Node,Role,Asset_Name,Repo_Directory,Filename,File_Type,Full_Path,Path_Verification,Pos_X_m,Pos_Y_m,Pos_Z_m,Rot_X_deg,Rot_Y_deg,Rot_Z_deg,Scale_X,Scale_Y,Scale_Z,Normalize_Mode,Target_Extent_m,Anchor,Axis_Alignment,Cast_Shadow,Receive_Shadow,LOD_Class,Collision_Mode,Occlusion_Priority,Render_Order,Placement_Confidence,Notes,Source_URL,CDN_URL,Distance_From_Origin_m
ENV_FLOOR_01,true,Environment,ENVIRONMENT,Metal floor tile,Cube Tiled Metal 11 Alt2,assets/bundled/prefabs/modding/Cubes/Tiled,cube_tiled_metal_11_alt2.glb,Binary glTF 2.0 (.glb),assets/bundled/prefabs/modding/Cubes/Tiled/cube_tiled_metal_11_alt2.glb,Verified exact path,-4.8,-0.11,1.6,0,0,0,2.45,0.08,2.05,Native-meters preferred; flatten Y only,4.8,Center,Tile plane on XZ,true,true,Structure,Static mesh,Medium,0,Medium,Overlap neighboring floor tiles by 0.05 m to prevent light leaks.,https://github.com/Facepunch/RustRelay.Assets/blob/494242bdeae941e3389b34a819c514aae2cf39f8/assets/bundled/prefabs/modding/Cubes/Tiled/cube_tiled_metal_11_alt2.glb,https://cdn.jsdelivr.net/gh/Facepunch/RustRelay.Assets@494242bdeae941e3389b34a819c514aae2cf39f8/assets/bundled/prefabs/modding/Cubes/Tiled/cube_tiled_metal_11_alt2.glb,5.061
ENV_FLOOR_02,true,Environment,ENVIRONMENT,Metal floor tile,Cube Tiled Metal 11 Alt2,assets/bundled/prefabs/modding/Cubes/Tiled,cube_tiled_metal_11_alt2.glb,Binary glTF 2.0 (.glb),assets/bundled/prefabs/modding/Cubes/Tiled/cube_tiled_metal_11_alt2.glb,Verified exact path,0,-0.11,1.6,0,0,0,2.45,0.08,2.05,Native-meters preferred; flatten Y only,4.8,Center,Tile plane on XZ,true,true,Structure,Static mesh,Medium,0,Medium,Overlap neighboring floor tiles by 0.05 m to prevent light leaks.,https://github.com/Facepunch/RustRelay.Assets/blob/494242bdeae941e3389b34a819c514aae2cf39f8/assets/bundled/prefabs/modding/Cubes/Tiled/cube_tiled_metal_11_alt2.glb,https://cdn.jsdelivr.net/gh/Facepunch/RustRelay.Assets@494242bdeae941e3389b34a819c514aae2cf39f8/assets/bundled/prefabs/modding/Cubes/Tiled/cube_tiled_metal_11_alt2.glb,1.604
ENV_FLOOR_03,true,Environment,ENVIRONMENT,Metal floor tile,Cube Tiled Metal 11 Alt2,assets/bundled/prefabs/modding/Cubes/Tiled,cube_tiled_metal_11_alt2.glb,Binary glTF 2.0 (.glb),assets/bundled/prefabs/modding/Cubes/Tiled/cube_tiled_metal_11_alt2.glb,Verified exact path,4.8,-0.11,1.6,0,0,0,2.45,0.08,2.05,Native-meters preferred; flatten Y only,4.8,Center,Tile plane on XZ,true,true,Structure,Static mesh,Medium,0,Medium,Overlap neighboring floor tiles by 0.05 m to prevent light leaks.,https://github.com/Facepunch/RustRelay.Assets/blob/494242bdeae941e3389b34a819c514aae2cf39f8/assets/bundled/prefabs/modding/Cubes/Tiled/cube_tiled_metal_11_alt2.glb,https://cdn.jsdelivr.net/gh/Facepunch/RustRelay.Assets@494242bdeae941e3389b34a819c514aae2cf39f8/assets/bundled/prefabs/modding/Cubes/Tiled/cube_tiled_metal_11_alt2.glb,5.061
ENV_FLOOR_04,true,Environment,ENVIRONMENT,Metal floor tile,Cube Tiled Metal 11 Alt2,assets/bundled/prefabs/modding/Cubes/Tiled,cube_tiled_metal_11_alt2.glb,Binary glTF 2.0 (.glb),assets/bundled/prefabs/modding/Cubes/Tiled/cube_tiled_metal_11_alt2.glb,Verified exact path,-4.8,-0.11,-2.4,0,0,0,2.45,0.08,2.05,Native-meters preferred; flatten Y only,4.8,Center,Tile plane on XZ,true,true,Structure,Static mesh,Medium,0,Medium,Overlap neighboring floor tiles by 0.05 m to prevent light leaks.,https://github.com/Facepunch/RustRelay.Assets/blob/494242bdeae941e3389b34a819c514aae2cf39f8/assets/bundled/prefabs/modding/Cubes/Tiled/cube_tiled_metal_11_alt2.glb,https://cdn.jsdelivr.net/gh/Facepunch/RustRelay.Assets@494242bdeae941e3389b34a819c514aae2cf39f8/assets/bundled/prefabs/modding/Cubes/Tiled/cube_tiled_metal_11_alt2.glb,5.368
ENV_FLOOR_05,true,Environment,ENVIRONMENT,Metal floor tile,Cube Tiled Metal 11 Alt2,assets/bundled/prefabs/modding/Cubes/Tiled,cube_tiled_metal_11_alt2.glb,Binary glTF 2.0 (.glb),assets/bundled/prefabs/modding/Cubes/Tiled/cube_tiled_metal_11_alt2.glb,Verified exact path,0,-0.11,-2.4,0,0,0,2.45,0.08,2.05,Native-meters preferred; flatten Y only,4.8,Center,Tile plane on XZ,true,true,Structure,Static mesh,Medium,0,Medium,Overlap neighboring floor tiles by 0.05 m to prevent light leaks.,https://github.com/Facepunch/RustRelay.Assets/blob/494242bdeae941e3389b34a819c514aae2cf39f8/assets/bundled/prefabs/modding/Cubes/Tiled/cube_tiled_metal_11_alt2.glb,https://cdn.jsdelivr.net/gh/Facepunch/RustRelay.Assets@494242bdeae941e3389b34a819c514aae2cf39f8/assets/bundled/prefabs/modding/Cubes/Tiled/cube_tiled_metal_11_alt2.glb,2.403
ENV_FLOOR_06,true,Environment,ENVIRONMENT,Metal floor tile,Cube Tiled Metal 11 Alt2,assets/bundled/prefabs/modding/Cubes/Tiled,cube_tiled_metal_11_alt2.glb,Binary glTF 2.0 (.glb),assets/bundled/prefabs/modding/Cubes/Tiled/cube_tiled_metal_11_alt2.glb,Verified exact path,4.8,-0.11,-2.4,0,0,0,2.45,0.08,2.05,Native-meters preferred; flatten Y only,4.8,Center,Tile plane on XZ,true,true,Structure,Static mesh,Medium,0,Medium,Overlap neighboring floor tiles by 0.05 m to prevent light leaks.,https://github.com/Facepunch/RustRelay.Assets/blob/494242bdeae941e3389b34a819c514aae2cf39f8/assets/bundled/prefabs/modding/Cubes/Tiled/cube_tiled_metal_11_alt2.glb,https://cdn.jsdelivr.net/gh/Facepunch/RustRelay.Assets@494242bdeae941e3389b34a819c514aae2cf39f8/assets/bundled/prefabs/modding/Cubes/Tiled/cube_tiled_metal_11_alt2.glb,5.368
ENV_BACKWALL_01,true,Environment,ENVIRONMENT,Rear industrial wall panel,Cube Tiled Metal 03 Alt,assets/bundled/prefabs/modding/Cubes/Tiled,cube_tiled_metal_03_alt.glb,Binary glTF 2.0 (.glb),assets/bundled/prefabs/modding/Cubes/Tiled/cube_tiled_metal_03_alt.glb,Verified exact path,-4.8,2.65,-5.35,0,0,0,2.45,2.75,0.1,Native-meters preferred; non-uniform wall scale,5,Center,Panel face toward +Z,true,true,Structure,Static mesh,Medium,0,Medium,Keep center panel darker to silhouette the first-place player.,https://github.com/Facepunch/RustRelay.Assets/blob/494242bdeae941e3389b34a819c514aae2cf39f8/assets/bundled/prefabs/modding/Cubes/Tiled/cube_tiled_metal_03_alt.glb,https://cdn.jsdelivr.net/gh/Facepunch/RustRelay.Assets@494242bdeae941e3389b34a819c514aae2cf39f8/assets/bundled/prefabs/modding/Cubes/Tiled/cube_tiled_metal_03_alt.glb,7.661
ENV_BACKWALL_02,true,Environment,ENVIRONMENT,Rear industrial wall panel,Cube Tiled Charcoal 02,assets/bundled/prefabs/modding/Cubes/Tiled,cube_tiled_charcoal_02.glb,Binary glTF 2.0 (.glb),assets/bundled/prefabs/modding/Cubes/Tiled/cube_tiled_charcoal_02.glb,Verified exact path,0,2.65,-5.35,0,0,0,2.45,2.75,0.1,Native-meters preferred; non-uniform wall scale,5,Center,Panel face toward +Z,true,true,Structure,Static mesh,Medium,0,Medium,Keep center panel darker to silhouette the first-place player.,https://github.com/Facepunch/RustRelay.Assets/blob/494242bdeae941e3389b34a819c514aae2cf39f8/assets/bundled/prefabs/modding/Cubes/Tiled/cube_tiled_charcoal_02.glb,https://cdn.jsdelivr.net/gh/Facepunch/RustRelay.Assets@494242bdeae941e3389b34a819c514aae2cf39f8/assets/bundled/prefabs/modding/Cubes/Tiled/cube_tiled_charcoal_02.glb,5.97
ENV_BACKWALL_03,true,Environment,ENVIRONMENT,Rear industrial wall panel,Cube Tiled Metal 03 Alt,assets/bundled/prefabs/modding/Cubes/Tiled,cube_tiled_metal_03_alt.glb,Binary glTF 2.0 (.glb),assets/bundled/prefabs/modding/Cubes/Tiled/cube_tiled_metal_03_alt.glb,Verified exact path,4.8,2.65,-5.35,0,0,0,2.45,2.75,0.1,Native-meters preferred; non-uniform wall scale,5,Center,Panel face toward +Z,true,true,Structure,Static mesh,Medium,0,Medium,Keep center panel darker to silhouette the first-place player.,https://github.com/Facepunch/RustRelay.Assets/blob/494242bdeae941e3389b34a819c514aae2cf39f8/assets/bundled/prefabs/modding/Cubes/Tiled/cube_tiled_metal_03_alt.glb,https://cdn.jsdelivr.net/gh/Facepunch/RustRelay.Assets@494242bdeae941e3389b34a819c514aae2cf39f8/assets/bundled/prefabs/modding/Cubes/Tiled/cube_tiled_metal_03_alt.glb,7.661
ENV_SIDEWALL_L,true,Environment,ENVIRONMENT,Left return wall,Cube Tiled Metal 03 Alt,assets/bundled/prefabs/modding/Cubes/Tiled,cube_tiled_metal_03_alt.glb,Binary glTF 2.0 (.glb),assets/bundled/prefabs/modding/Cubes/Tiled/cube_tiled_metal_03_alt.glb,Verified exact path,-7.25,2.45,-2.3,0,90,0,1.55,2.55,0.1,Native-meters preferred; non-uniform wall scale,4.7,Center,Panel face inward,true,true,Structure,Static mesh,Low,0,Medium,Mostly outside camera crop; closes reflections and shadows.,https://github.com/Facepunch/RustRelay.Assets/blob/494242bdeae941e3389b34a819c514aae2cf39f8/assets/bundled/prefabs/modding/Cubes/Tiled/cube_tiled_metal_03_alt.glb,https://cdn.jsdelivr.net/gh/Facepunch/RustRelay.Assets@494242bdeae941e3389b34a819c514aae2cf39f8/assets/bundled/prefabs/modding/Cubes/Tiled/cube_tiled_metal_03_alt.glb,7.991
ENV_SIDEWALL_R,true,Environment,ENVIRONMENT,Right return wall,Cube Tiled Metal 03 Alt,assets/bundled/prefabs/modding/Cubes/Tiled,cube_tiled_metal_03_alt.glb,Binary glTF 2.0 (.glb),assets/bundled/prefabs/modding/Cubes/Tiled/cube_tiled_metal_03_alt.glb,Verified exact path,7.25,2.45,-2.3,0,-90,0,1.55,2.55,0.1,Native-meters preferred; non-uniform wall scale,4.7,Center,Panel face inward,true,true,Structure,Static mesh,Low,0,Medium,Mostly outside camera crop; closes reflections and shadows.,https://github.com/Facepunch/RustRelay.Assets/blob/494242bdeae941e3389b34a819c514aae2cf39f8/assets/bundled/prefabs/modding/Cubes/Tiled/cube_tiled_metal_03_alt.glb,https://cdn.jsdelivr.net/gh/Facepunch/RustRelay.Assets@494242bdeae941e3389b34a819c514aae2cf39f8/assets/bundled/prefabs/modding/Cubes/Tiled/cube_tiled_metal_03_alt.glb,7.991
ENV_TARP_BACK,true,Environment,ENVIRONMENT,Dark rear tarpaulin,Helipad Tarpaulin,assets/Content/Props/Helipad_tarpaulin,helipad_tarpaulin.glb,Binary glTF 2.0 (.glb),assets/Content/Props/Helipad_tarpaulin/helipad_tarpaulin.glb,Verified exact path,0,2.4,-5.05,0,0,0,2.65,2.15,1,AABB bottom-center; preserve aspect,5.2,Center,Broad face toward +Z,true,true,Structure,None,Low,0,Medium,"Use as a soft, non-reflective central backdrop behind title/player silhouette.",https://github.com/Facepunch/RustRelay.Assets/blob/494242bdeae941e3389b34a819c514aae2cf39f8/assets/Content/Props/Helipad_tarpaulin/helipad_tarpaulin.glb,https://cdn.jsdelivr.net/gh/Facepunch/RustRelay.Assets@494242bdeae941e3389b34a819c514aae2cf39f8/assets/Content/Props/Helipad_tarpaulin/helipad_tarpaulin.glb,5.591
ENV_TRUSS_L,true,Environment,ENVIRONMENT,Left overhead improvised truss,Ladder Industrial 600,assets/Content/Props/Ladder_set,ladder_industrial_600.glb,Binary glTF 2.0 (.glb),assets/Content/Props/Ladder_set/ladder_industrial_600.glb,Verified exact path,-3.65,5.1,-3.75,0,0,90,0.82,0.82,0.82,AABB bottom-center; preserve aspect,5,Center,Long axis along X,true,true,Structure,None,Low,0,Medium,Supports practical light silhouette.,https://github.com/Facepunch/RustRelay.Assets/blob/494242bdeae941e3389b34a819c514aae2cf39f8/assets/Content/Props/Ladder_set/ladder_industrial_600.glb,https://cdn.jsdelivr.net/gh/Facepunch/RustRelay.Assets@494242bdeae941e3389b34a819c514aae2cf39f8/assets/Content/Props/Ladder_set/ladder_industrial_600.glb,7.307
ENV_TRUSS_R,true,Environment,ENVIRONMENT,Right overhead improvised truss,Ladder Industrial 600,assets/Content/Props/Ladder_set,ladder_industrial_600.glb,Binary glTF 2.0 (.glb),assets/Content/Props/Ladder_set/ladder_industrial_600.glb,Verified exact path,3.65,5.1,-3.75,0,0,90,0.82,0.82,0.82,AABB bottom-center; preserve aspect,5,Center,Long axis along X,true,true,Structure,None,Low,0,Medium,"Mirror broadly, but offset 0.1 m if symmetry feels artificial.",https://github.com/Facepunch/RustRelay.Assets/blob/494242bdeae941e3389b34a819c514aae2cf39f8/assets/Content/Props/Ladder_set/ladder_industrial_600.glb,https://cdn.jsdelivr.net/gh/Facepunch/RustRelay.Assets@494242bdeae941e3389b34a819c514aae2cf39f8/assets/Content/Props/Ladder_set/ladder_industrial_600.glb,7.307
CHAR_RANK_2,true,Characters,CHARACTERS,Second-place armored mannequin,Mannequin Fashionpose Wood,assets/Content/Props/Mannequin/Models/Merged,mannequin_fashionpose_wood.glb,Binary glTF 2.0 (.glb),assets/Content/Props/Mannequin/Models/Merged/mannequin_fashionpose_wood.glb,Verified exact path,-4.2,0.43,0.12,0,2,0,1,1,1,AABB bottom-center; preserve aspect,1.82,Feet / bottom-center,Character forward toward +Z,true,true,Hero,Capsule proxy,Critical,10,High,Feet sit on completed second-place podium top; keep 0.10 m clear around silhouette.,https://github.com/Facepunch/RustRelay.Assets/blob/494242bdeae941e3389b34a819c514aae2cf39f8/assets/Content/Props/Mannequin/Models/Merged/mannequin_fashionpose_wood.glb,https://cdn.jsdelivr.net/gh/Facepunch/RustRelay.Assets@494242bdeae941e3389b34a819c514aae2cf39f8/assets/Content/Props/Mannequin/Models/Merged/mannequin_fashionpose_wood.glb,4.224
CHAR_RANK_1,true,Characters,CHARACTERS,First-place road-sign armored mannequin,Mannequin Roadsign,assets/Content/Props/Mannequin/Models/Merged,mannequin_roadsign.glb,Binary glTF 2.0 (.glb),assets/Content/Props/Mannequin/Models/Merged/mannequin_roadsign.glb,Verified exact path,0,0.61,-0.03,0,-1,0,1.04,1.04,1.04,AABB bottom-center; preserve aspect,1.92,Feet / bottom-center,Character forward toward +Z,true,true,Hero,Capsule proxy,Critical,11,High,Hero silhouette; do not let rear props cross head/shoulder outline.,https://github.com/Facepunch/RustRelay.Assets/blob/494242bdeae941e3389b34a819c514aae2cf39f8/assets/Content/Props/Mannequin/Models/Merged/mannequin_roadsign.glb,https://cdn.jsdelivr.net/gh/Facepunch/RustRelay.Assets@494242bdeae941e3389b34a819c514aae2cf39f8/assets/Content/Props/Mannequin/Models/Merged/mannequin_roadsign.glb,0.611
CHAR_RANK_3,true,Characters,CHARACTERS,Third-place hide-armored mannequin,Mannequin Front Hide,assets/Content/Props/Mannequin/Models/Merged,mannequin_front_hide.glb,Binary glTF 2.0 (.glb),assets/Content/Props/Mannequin/Models/Merged/mannequin_front_hide.glb,Verified exact path,4.2,0.43,0.12,0,-3,0,1,1,1,AABB bottom-center; preserve aspect,1.82,Feet / bottom-center,Character forward toward +Z,true,true,Hero,Capsule proxy,Critical,10,High,Feet sit on completed third-place podium top.,https://github.com/Facepunch/RustRelay.Assets/blob/494242bdeae941e3389b34a819c514aae2cf39f8/assets/Content/Props/Mannequin/Models/Merged/mannequin_front_hide.glb,https://cdn.jsdelivr.net/gh/Facepunch/RustRelay.Assets@494242bdeae941e3389b34a819c514aae2cf39f8/assets/Content/Props/Mannequin/Models/Merged/mannequin_front_hide.glb,4.224
L_SHELF_01,true,Left Cluster,LEFT_CLUSTER,Weapon display shelf,Shelf1V2,assets/Content/Props/Old Shelves,shelf1v2.glb,Binary glTF 2.0 (.glb),assets/Content/Props/Old Shelves/shelf1v2.glb,Verified exact path,-18.5,0,-9.5,0,78,0,1.05,1.05,1.05,AABB bottom-center; preserve aspect,2.15,Bottom-center,Preserve native axes,true,true,Primary,Static mesh,High,0,Medium,Primary support for the left rifle fan.,https://github.com/Facepunch/RustRelay.Assets/blob/494242bdeae941e3389b34a819c514aae2cf39f8/assets/Content/Props/Old%20Shelves/shelf1v2.glb,https://cdn.jsdelivr.net/gh/Facepunch/RustRelay.Assets@494242bdeae941e3389b34a819c514aae2cf39f8/assets/Content/Props/Old%20Shelves/shelf1v2.glb,20.797
L_WORKBENCH_01,true,Left Cluster,LEFT_CLUSTER,Low weapon workbench,Workbench,assets/Content/Props/Misc_dressing_props,workbench.glb,Binary glTF 2.0 (.glb),assets/Content/Props/Misc_dressing_props/workbench.glb,Verified exact path,-20,0,-5,0,82,0,0.9,0.9,0.9,AABB bottom-center; preserve aspect,1.75,Bottom-center,Preserve native axes,true,true,Primary,Static mesh,Medium,0,Medium,,https://github.com/Facepunch/RustRelay.Assets/blob/494242bdeae941e3389b34a819c514aae2cf39f8/assets/Content/Props/Misc_dressing_props/workbench.glb,https://cdn.jsdelivr.net/gh/Facepunch/RustRelay.Assets@494242bdeae941e3389b34a819c514aae2cf39f8/assets/Content/Props/Misc_dressing_props/workbench.glb,20.616
L_WEAPON_AK,true,Left Cluster,LEFT_CLUSTER,Left discarded rifle floor pile,Ak47U Worldmodel,assets/prefabs/Weapons/ak47u,ak47u.worldmodel.glb,Binary glTF 2.0 (.glb),assets/prefabs/Weapons/ak47u/ak47u.worldmodel.glb,Verified exact path,-6.9,0,-3.12,0,16,3,1,1,1,AABB bottom-center; preserve aspect,1.05,Object center,Long axis scattered across ground plane,true,true,Hero,None,Critical,0,Medium,Loose discarded weapon pile behind and outside the side podium; rotated AABB is snapped to floor contact at runtime.,https://github.com/Facepunch/RustRelay.Assets/blob/494242bdeae941e3389b34a819c514aae2cf39f8/assets/prefabs/Weapons/ak47u/ak47u.worldmodel.glb,https://cdn.jsdelivr.net/gh/Facepunch/RustRelay.Assets@494242bdeae941e3389b34a819c514aae2cf39f8/assets/prefabs/Weapons/ak47u/ak47u.worldmodel.glb,7.573
L_WEAPON_LR300,true,Left Cluster,LEFT_CLUSTER,Left discarded rifle floor pile,Lr300 Worldmodel,assets/prefabs/Weapons/lr300,lr300.worldmodel.glb,Binary glTF 2.0 (.glb),assets/prefabs/Weapons/lr300/lr300.worldmodel.glb,Verified exact path,-7.24,0,-3.46,0,-31,-5,1,1,1,AABB bottom-center; preserve aspect,1.15,Object center,Long axis scattered across ground plane,true,true,Hero,None,Critical,0,Medium,Loose discarded weapon pile behind and outside the side podium; rotated AABB is snapped to floor contact at runtime.,https://github.com/Facepunch/RustRelay.Assets/blob/494242bdeae941e3389b34a819c514aae2cf39f8/assets/prefabs/Weapons/lr300/lr300.worldmodel.glb,https://cdn.jsdelivr.net/gh/Facepunch/RustRelay.Assets@494242bdeae941e3389b34a819c514aae2cf39f8/assets/prefabs/Weapons/lr300/lr300.worldmodel.glb,8.024
L_WEAPON_MP5,true,Left Cluster,LEFT_CLUSTER,Left discarded SMG floor pile,Mp5 Worldmodel,assets/prefabs/Weapons/mp5,mp5.worldmodel.glb,Binary glTF 2.0 (.glb),assets/prefabs/Weapons/mp5/mp5.worldmodel.glb,Verified exact path,-6.54,0,-3.72,0,47,7,1,1,1,AABB bottom-center; preserve aspect,0.78,Object center,Long axis scattered across ground plane,true,true,Hero,None,Critical,0,Medium,Loose discarded weapon pile behind and outside the side podium; rotated AABB is snapped to floor contact at runtime.,https://github.com/Facepunch/RustRelay.Assets/blob/494242bdeae941e3389b34a819c514aae2cf39f8/assets/prefabs/Weapons/mp5/mp5.worldmodel.glb,https://cdn.jsdelivr.net/gh/Facepunch/RustRelay.Assets@494242bdeae941e3389b34a819c514aae2cf39f8/assets/prefabs/Weapons/mp5/mp5.worldmodel.glb,7.524
L_WEAPON_SPAS,true,Right Cluster,RIGHT_CLUSTER,Right discarded shotgun floor pile,Spas12 Worldmodel,assets/prefabs/Weapons/spas12,spas12.worldmodel.glb,Binary glTF 2.0 (.glb),assets/prefabs/Weapons/spas12/spas12.worldmodel.glb,Verified exact path,6.92,0,-3.1,0,-16,-3,1,1,1,AABB bottom-center; preserve aspect,1.12,Object center,Long axis scattered across ground plane,true,true,Hero,None,Critical,0,Medium,Loose discarded weapon pile behind and outside the side podium; rotated AABB is snapped to floor contact at runtime.,https://github.com/Facepunch/RustRelay.Assets/blob/494242bdeae941e3389b34a819c514aae2cf39f8/assets/prefabs/Weapons/spas12/spas12.worldmodel.glb,https://cdn.jsdelivr.net/gh/Facepunch/RustRelay.Assets@494242bdeae941e3389b34a819c514aae2cf39f8/assets/prefabs/Weapons/spas12/spas12.worldmodel.glb,7.583
L_WEAPON_THOMPSON,true,Left Cluster,LEFT_CLUSTER,Leaning/displayed weapon,Thompson Worldmodel,assets/prefabs/Weapons/Thompson,thompson.worldmodel.glb,Binary glTF 2.0 (.glb),assets/prefabs/Weapons/Thompson/thompson.worldmodel.glb,Verified exact path,-3.1,1.3,-2.38,0,8,-73,1,1,1,AABB bottom-center; preserve aspect,0.82,Object center,Long axis diagonal up-right,true,true,Hero,None,Critical,0,Medium,"After AABB normalization, rotate around center and sink 0.02 m into rack contact.",https://github.com/Facepunch/RustRelay.Assets/blob/494242bdeae941e3389b34a819c514aae2cf39f8/assets/prefabs/Weapons/Thompson/thompson.worldmodel.glb,https://cdn.jsdelivr.net/gh/Facepunch/RustRelay.Assets@494242bdeae941e3389b34a819c514aae2cf39f8/assets/prefabs/Weapons/Thompson/thompson.worldmodel.glb,4.119
L_TURRET_50CAL,true,Left Cluster,LEFT_CLUSTER,Heavy weapon silhouette,50 Cal Rear Single,assets/Content/Vehicles/Boats/PTboat/Turrets/50cal/Prefabs,50_cal_rear_single.glb,Binary glTF 2.0 (.glb),assets/Content/Vehicles/Boats/PTboat/Turrets/50cal/Prefabs/50_cal_rear_single.glb,Verified exact path,-21,0.52,-5.5,0,78,0,0.8,0.8,0.8,AABB bottom-center; preserve aspect,1.75,Bottom-center,Barrel points toward +X/+Z,true,true,Primary,None,High,0,Medium,Crop part of base behind crates; keep barrel readable.,https://github.com/Facepunch/RustRelay.Assets/blob/494242bdeae941e3389b34a819c514aae2cf39f8/assets/Content/Vehicles/Boats/PTboat/Turrets/50cal/Prefabs/50_cal_rear_single.glb,https://cdn.jsdelivr.net/gh/Facepunch/RustRelay.Assets@494242bdeae941e3389b34a819c514aae2cf39f8/assets/Content/Vehicles/Boats/PTboat/Turrets/50cal/Prefabs/50_cal_rear_single.glb,21.715
L_CRATE_A,true,Left Cluster,LEFT_CLUSTER,Lower crate stack,Fishing Net Crate A,assets/Content/Props/Fishing_nets,fishing_net_crate_a.glb,Binary glTF 2.0 (.glb),assets/Content/Props/Fishing_nets/fishing_net_crate_a.glb,Verified exact path,-12,0,-5.5,0,42,0,1,1,1,AABB bottom-center; preserve aspect,0.95,Bottom-center,Preserve native axes,true,true,Primary,Static box,Medium,0,Medium,,https://github.com/Facepunch/RustRelay.Assets/blob/494242bdeae941e3389b34a819c514aae2cf39f8/assets/Content/Props/Fishing_nets/fishing_net_crate_a.glb,https://cdn.jsdelivr.net/gh/Facepunch/RustRelay.Assets@494242bdeae941e3389b34a819c514aae2cf39f8/assets/Content/Props/Fishing_nets/fishing_net_crate_a.glb,13.2
L_CRATE_B,true,Left Cluster,LEFT_CLUSTER,Upper crate stack,Fishing Net Crate B,assets/Content/Props/Fishing_nets,fishing_net_crate_b.glb,Binary glTF 2.0 (.glb),assets/Content/Props/Fishing_nets/fishing_net_crate_b.glb,Verified exact path,-12.6,0.54,-5.9,0,28,2,1,1,1,AABB bottom-center; preserve aspect,0.82,Bottom-center,Preserve native axes,true,true,Primary,Static box,Medium,0,Medium,,https://github.com/Facepunch/RustRelay.Assets/blob/494242bdeae941e3389b34a819c514aae2cf39f8/assets/Content/Props/Fishing_nets/fishing_net_crate_b.glb,https://cdn.jsdelivr.net/gh/Facepunch/RustRelay.Assets@494242bdeae941e3389b34a819c514aae2cf39f8/assets/Content/Props/Fishing_nets/fishing_net_crate_b.glb,13.923
L_CRATE_C,true,Left Cluster,LEFT_CLUSTER,Bench-side supply crate,Applecrate A,assets/Content/Props/Food Containers,applecrate_a.glb,Binary glTF 2.0 (.glb),assets/Content/Props/Food Containers/applecrate_a.glb,Verified exact path,-3.05,0,-1.75,0,-13,0,1,1,1,AABB bottom-center; preserve aspect,0.82,Bottom-center,Preserve native axes,true,true,Secondary,Static box,Medium,0,Medium,,https://github.com/Facepunch/RustRelay.Assets/blob/494242bdeae941e3389b34a819c514aae2cf39f8/assets/Content/Props/Food%20Containers/applecrate_a.glb,https://cdn.jsdelivr.net/gh/Facepunch/RustRelay.Assets@494242bdeae941e3389b34a819c514aae2cf39f8/assets/Content/Props/Food%20Containers/applecrate_a.glb,3.516
L_BARREL_RAD,true,Left Cluster,LEFT_CLUSTER,Colored barrel accent,Radbarrel,assets/Content/Props/Barrels,radbarrel.glb,Binary glTF 2.0 (.glb),assets/Content/Props/Barrels/radbarrel.glb,Verified exact path,-13,0,-6.8,0,38,0,1,1,1,AABB bottom-center; preserve aspect,0.92,Bottom-center,Preserve native axes,true,true,Primary,Static cylinder,High,0,Medium,Acts as the blue-toned accent behind rank 2.,https://github.com/Facepunch/RustRelay.Assets/blob/494242bdeae941e3389b34a819c514aae2cf39f8/assets/Content/Props/Barrels/radbarrel.glb,https://cdn.jsdelivr.net/gh/Facepunch/RustRelay.Assets@494242bdeae941e3389b34a819c514aae2cf39f8/assets/Content/Props/Barrels/radbarrel.glb,14.671
L_BARREL_DENTED,true,Left Cluster,LEFT_CLUSTER,Dented foreground barrel,Dented Barrel,assets/Content/Props/Barrels,dented_barrel.glb,Binary glTF 2.0 (.glb),assets/Content/Props/Barrels/dented_barrel.glb,Verified exact path,-12.2,0,-6.3,0,-18,4,1,1,1,AABB bottom-center; preserve aspect,0.88,Bottom-center,Preserve native axes,true,true,Secondary,Static cylinder,Medium,0,Medium,,https://github.com/Facepunch/RustRelay.Assets/blob/494242bdeae941e3389b34a819c514aae2cf39f8/assets/Content/Props/Barrels/dented_barrel.glb,https://cdn.jsdelivr.net/gh/Facepunch/RustRelay.Assets@494242bdeae941e3389b34a819c514aae2cf39f8/assets/Content/Props/Barrels/dented_barrel.glb,13.731
L_JUNK_A,true,Left Cluster,LEFT_CLUSTER,Left rear junk silhouette,Junkyard Stack A,assets/Content/Props/Junkyard_stacks,junkyard_stack_a.glb,Binary glTF 2.0 (.glb),assets/Content/Props/Junkyard_stacks/junkyard_stack_a.glb,Verified exact path,-6.38,0,-4.1,0,17,0,1.15,1.15,1.15,AABB bottom-center; preserve aspect,2.65,Bottom-center,Preserve native axes,true,true,Background,None,Low,0,Medium,,https://github.com/Facepunch/RustRelay.Assets/blob/494242bdeae941e3389b34a819c514aae2cf39f8/assets/Content/Props/Junkyard_stacks/junkyard_stack_a.glb,https://cdn.jsdelivr.net/gh/Facepunch/RustRelay.Assets@494242bdeae941e3389b34a819c514aae2cf39f8/assets/Content/Props/Junkyard_stacks/junkyard_stack_a.glb,7.584
L_JUNK_B,true,Left Cluster,LEFT_CLUSTER,Left-center rear junk silhouette,Junkyard Stack B,assets/Content/Props/Junkyard_stacks,junkyard_stack_b.glb,Binary glTF 2.0 (.glb),assets/Content/Props/Junkyard_stacks/junkyard_stack_b.glb,Verified exact path,-23,0,-12,0,82,0,1.05,1.05,1.05,AABB bottom-center; preserve aspect,2.45,Bottom-center,Preserve native axes,true,true,Background,None,Low,0,Medium,,https://github.com/Facepunch/RustRelay.Assets/blob/494242bdeae941e3389b34a819c514aae2cf39f8/assets/Content/Props/Junkyard_stacks/junkyard_stack_b.glb,https://cdn.jsdelivr.net/gh/Facepunch/RustRelay.Assets@494242bdeae941e3389b34a819c514aae2cf39f8/assets/Content/Props/Junkyard_stacks/junkyard_stack_b.glb,25.942
L_BARRICADE_WOOD,true,Left Cluster,LEFT_CLUSTER,Broken weapon-rack backdrop,Barricade Cover Wood Static,assets/Content/Props/Barricades_static,barricade_cover_wood_static.glb,Binary glTF 2.0 (.glb),assets/Content/Props/Barricades_static/barricade_cover_wood_static.glb,Verified exact path,-20.5,0.02,-6.5,0,78,-5,1.15,1.15,1.15,AABB bottom-center; preserve aspect,2.2,Bottom-center,Preserve native axes,true,true,Primary,Static mesh,Medium,0,Medium,,https://github.com/Facepunch/RustRelay.Assets/blob/494242bdeae941e3389b34a819c514aae2cf39f8/assets/Content/Props/Barricades_static/barricade_cover_wood_static.glb,https://cdn.jsdelivr.net/gh/Facepunch/RustRelay.Assets@494242bdeae941e3389b34a819c514aae2cf39f8/assets/Content/Props/Barricades_static/barricade_cover_wood_static.glb,21.506
L_BARBEDWIRE,true,Left Cluster,LEFT_CLUSTER,Rear barbed wire line,Barbedwire Set Straight300,assets/Content/Props/Barbedwire_set,barbedwire_set_straight300.glb,Binary glTF 2.0 (.glb),assets/Content/Props/Barbedwire_set/barbedwire_set_straight300.glb,Verified exact path,-4.75,1.05,-4.65,0,4,0,1.1,1.1,1.1,AABB bottom-center; preserve aspect,3.25,Center,Long axis along X,true,true,Background,None,Low,0,Medium,,https://github.com/Facepunch/RustRelay.Assets/blob/494242bdeae941e3389b34a819c514aae2cf39f8/assets/Content/Props/Barbedwire_set/barbedwire_set_straight300.glb,https://cdn.jsdelivr.net/gh/Facepunch/RustRelay.Assets@494242bdeae941e3389b34a819c514aae2cf39f8/assets/Content/Props/Barbedwire_set/barbedwire_set_straight300.glb,6.73
C_COVER_PANEL,true,Center Cluster,CENTER_CLUSTER,Distressed hero backdrop panel,Cover C,assets/Content/Props/Covers,cover_c.glb,Binary glTF 2.0 (.glb),assets/Content/Props/Covers/cover_c.glb,Verified exact path,-0.2,0.18,-3.45,0,-6,-8,1.55,1.55,1.55,AABB bottom-center; preserve aspect,3.25,Bottom-center,Broad face toward +Z,true,true,Primary,Static mesh,Critical,0,Medium,Use existing material only; angle catches side light and substitutes for the concept's bloodied panel.,https://github.com/Facepunch/RustRelay.Assets/blob/494242bdeae941e3389b34a819c514aae2cf39f8/assets/Content/Props/Covers/cover_c.glb,https://cdn.jsdelivr.net/gh/Facepunch/RustRelay.Assets@494242bdeae941e3389b34a819c514aae2cf39f8/assets/Content/Props/Covers/cover_c.glb,3.46
C_JUNK_C,true,Center Cluster,CENTER_CLUSTER,Center-right junk skyline,Junkyard Stack C,assets/Content/Props/Junkyard_stacks,junkyard_stack_c.glb,Binary glTF 2.0 (.glb),assets/Content/Props/Junkyard_stacks/junkyard_stack_c.glb,Verified exact path,22,0,-7,0,-78,0,1.18,1.18,1.18,AABB bottom-center; preserve aspect,2.8,Bottom-center,Preserve native axes,true,true,Background,None,Low,0,Medium,,https://github.com/Facepunch/RustRelay.Assets/blob/494242bdeae941e3389b34a819c514aae2cf39f8/assets/Content/Props/Junkyard_stacks/junkyard_stack_c.glb,https://cdn.jsdelivr.net/gh/Facepunch/RustRelay.Assets@494242bdeae941e3389b34a819c514aae2cf39f8/assets/Content/Props/Junkyard_stacks/junkyard_stack_c.glb,23.087
C_JUNK_D,true,Center Cluster,CENTER_CLUSTER,Center-left junk skyline,Junkyard Stack D,assets/Content/Props/Junkyard_stacks,junkyard_stack_d.glb,Binary glTF 2.0 (.glb),assets/Content/Props/Junkyard_stacks/junkyard_stack_d.glb,Verified exact path,-22,0,-7,0,78,0,1.1,1.1,1.1,AABB bottom-center; preserve aspect,2.6,Bottom-center,Preserve native axes,true,true,Background,None,Low,0,Medium,,https://github.com/Facepunch/RustRelay.Assets/blob/494242bdeae941e3389b34a819c514aae2cf39f8/assets/Content/Props/Junkyard_stacks/junkyard_stack_d.glb,https://cdn.jsdelivr.net/gh/Facepunch/RustRelay.Assets@494242bdeae941e3389b34a819c514aae2cf39f8/assets/Content/Props/Junkyard_stacks/junkyard_stack_d.glb,23.087
C_SKIP,true,Center Cluster,CENTER_CLUSTER,Deep background rubbish skip,Large Rubbish Skip,assets/Content/Props/Large_Rubbish_Skip,large_rubbish_skip.glb,Binary glTF 2.0 (.glb),assets/Content/Props/Large_Rubbish_Skip/large_rubbish_skip.glb,Verified exact path,0.2,-0.08,-4.72,0,1,0,0.86,0.86,0.86,AABB bottom-center; preserve aspect,3.2,Bottom-center,Preserve native axes,true,true,Background,None,Low,0,Medium,Only upper silhouette should be visible behind central debris.,https://github.com/Facepunch/RustRelay.Assets/blob/494242bdeae941e3389b34a819c514aae2cf39f8/assets/Content/Props/Large_Rubbish_Skip/large_rubbish_skip.glb,https://cdn.jsdelivr.net/gh/Facepunch/RustRelay.Assets@494242bdeae941e3389b34a819c514aae2cf39f8/assets/Content/Props/Large_Rubbish_Skip/large_rubbish_skip.glb,4.725
C_WEAPON_L96,true,Center Cluster,CENTER_CLUSTER,Hero weapon fan,L96 Worldmodel,assets/prefabs/Weapons/L96,l96.worldmodel.glb,Binary glTF 2.0 (.glb),assets/prefabs/Weapons/L96/l96.worldmodel.glb,Verified exact path,-1.47,1.52,-2.32,1,-13,-63,1,1,1,AABB bottom-center; preserve aspect,1.28,Object center,Long axis diagonal up-right,true,true,Hero,None,Critical,0,Medium,Maintain a clear 0.20 m gap from first-place character silhouette.,https://github.com/Facepunch/RustRelay.Assets/blob/494242bdeae941e3389b34a819c514aae2cf39f8/assets/prefabs/Weapons/L96/l96.worldmodel.glb,https://cdn.jsdelivr.net/gh/Facepunch/RustRelay.Assets@494242bdeae941e3389b34a819c514aae2cf39f8/assets/prefabs/Weapons/L96/l96.worldmodel.glb,3.139
C_WEAPON_M39,true,Center Cluster,CENTER_CLUSTER,Hero weapon fan,M39 Worldmodel,assets/prefabs/Weapons/M39 EMR,m39.worldmodel.glb,Binary glTF 2.0 (.glb),assets/prefabs/Weapons/M39 EMR/m39.worldmodel.glb,Verified exact path,-0.88,1.05,-1.93,0,6,-55,1,1,1,AABB bottom-center; preserve aspect,1.08,Object center,Long axis diagonal up-right,true,true,Hero,None,Critical,0,Medium,Maintain a clear 0.20 m gap from first-place character silhouette.,https://github.com/Facepunch/RustRelay.Assets/blob/494242bdeae941e3389b34a819c514aae2cf39f8/assets/prefabs/Weapons/M39%20EMR/m39.worldmodel.glb,https://cdn.jsdelivr.net/gh/Facepunch/RustRelay.Assets@494242bdeae941e3389b34a819c514aae2cf39f8/assets/prefabs/Weapons/M39%20EMR/m39.worldmodel.glb,2.367
C_WEAPON_AK,true,Right Cluster,RIGHT_CLUSTER,Right discarded rifle floor pile,Ak47U Worldmodel,assets/prefabs/Weapons/ak47u,ak47u.worldmodel.glb,Binary glTF 2.0 (.glb),assets/prefabs/Weapons/ak47u/ak47u.worldmodel.glb,Verified exact path,7.26,0,-3.48,0,31,5,1,1,1,AABB bottom-center; preserve aspect,1.04,Object center,Long axis scattered across ground plane,true,true,Hero,None,Critical,0,Medium,Loose discarded weapon pile behind and outside the side podium; rotated AABB is snapped to floor contact at runtime.,https://github.com/Facepunch/RustRelay.Assets/blob/494242bdeae941e3389b34a819c514aae2cf39f8/assets/prefabs/Weapons/ak47u/ak47u.worldmodel.glb,https://cdn.jsdelivr.net/gh/Facepunch/RustRelay.Assets@494242bdeae941e3389b34a819c514aae2cf39f8/assets/prefabs/Weapons/ak47u/ak47u.worldmodel.glb,8.051
C_WEAPON_HMLMG,true,Right Cluster,RIGHT_CLUSTER,Right discarded machine-gun floor pile,Hmlmg Worldmodel,assets/prefabs/Weapons/HMLMG,hmlmg.worldmodel.glb,Binary glTF 2.0 (.glb),assets/prefabs/Weapons/HMLMG/hmlmg.worldmodel.glb,Verified exact path,6.52,0,-3.74,0,-47,-7,1,1,1,AABB bottom-center; preserve aspect,1.22,Object center,Long axis scattered across ground plane,true,true,Hero,None,Critical,0,Medium,Loose discarded weapon pile behind and outside the side podium; rotated AABB is snapped to floor contact at runtime.,https://github.com/Facepunch/RustRelay.Assets/blob/494242bdeae941e3389b34a819c514aae2cf39f8/assets/prefabs/Weapons/HMLMG/hmlmg.worldmodel.glb,https://cdn.jsdelivr.net/gh/Facepunch/RustRelay.Assets@494242bdeae941e3389b34a819c514aae2cf39f8/assets/prefabs/Weapons/HMLMG/hmlmg.worldmodel.glb,7.517
C_MINIGUN,true,Center Cluster,CENTER_CLUSTER,Heavy weapon floor prop,Minigun Worldmodel,assets/prefabs/Weapons/Minigun,minigun.worldmodel.glb,Binary glTF 2.0 (.glb),assets/prefabs/Weapons/Minigun/minigun.worldmodel.glb,Verified exact path,1.82,0.45,-2.55,2,-22,17,0.78,0.78,0.78,AABB bottom-center; preserve aspect,1.55,Bottom-center,Barrel cluster points +X/+Z,true,true,Primary,None,High,0,Medium,,https://github.com/Facepunch/RustRelay.Assets/blob/494242bdeae941e3389b34a819c514aae2cf39f8/assets/prefabs/Weapons/Minigun/minigun.worldmodel.glb,https://cdn.jsdelivr.net/gh/Facepunch/RustRelay.Assets@494242bdeae941e3389b34a819c514aae2cf39f8/assets/prefabs/Weapons/Minigun/minigun.worldmodel.glb,3.165
C_CRATE_L,true,Center Cluster,CENTER_CLUSTER,Left central crate,Potatocrate A,assets/Content/Props/Food Containers,potatocrate_a.glb,Binary glTF 2.0 (.glb),assets/Content/Props/Food Containers/potatocrate_a.glb,Verified exact path,-1.9,0,-1.8,0,10,0,1,1,1,AABB bottom-center; preserve aspect,0.84,Bottom-center,Preserve native axes,true,true,Primary,Static box,Medium,0,Medium,,https://github.com/Facepunch/RustRelay.Assets/blob/494242bdeae941e3389b34a819c514aae2cf39f8/assets/Content/Props/Food%20Containers/potatocrate_a.glb,https://cdn.jsdelivr.net/gh/Facepunch/RustRelay.Assets@494242bdeae941e3389b34a819c514aae2cf39f8/assets/Content/Props/Food%20Containers/potatocrate_a.glb,2.617
C_CRATE_R,true,Center Cluster,CENTER_CLUSTER,Right central crate,Orangecrate A,assets/Content/Props/Food Containers,orangecrate_a.glb,Binary glTF 2.0 (.glb),assets/Content/Props/Food Containers/orangecrate_a.glb,Verified exact path,1.95,0,-1.83,0,-8,0,1,1,1,AABB bottom-center; preserve aspect,0.88,Bottom-center,Preserve native axes,true,true,Primary,Static box,Medium,0,Medium,,https://github.com/Facepunch/RustRelay.Assets/blob/494242bdeae941e3389b34a819c514aae2cf39f8/assets/Content/Props/Food%20Containers/orangecrate_a.glb,https://cdn.jsdelivr.net/gh/Facepunch/RustRelay.Assets@494242bdeae941e3389b34a819c514aae2cf39f8/assets/Content/Props/Food%20Containers/orangecrate_a.glb,2.674
C_TOOLBOX,true,Center Cluster,CENTER_CLUSTER,Toolbox dressing,Toolbox,assets/Content/Props/Misc_dressing_props,toolbox.glb,Binary glTF 2.0 (.glb),assets/Content/Props/Misc_dressing_props/toolbox.glb,Verified exact path,-0.95,0.08,-1.65,0,-16,0,1,1,1,AABB bottom-center; preserve aspect,0.58,Bottom-center,Preserve native axes,true,true,Secondary,None,Medium,0,Medium,,https://github.com/Facepunch/RustRelay.Assets/blob/494242bdeae941e3389b34a819c514aae2cf39f8/assets/Content/Props/Misc_dressing_props/toolbox.glb,https://cdn.jsdelivr.net/gh/Facepunch/RustRelay.Assets@494242bdeae941e3389b34a819c514aae2cf39f8/assets/Content/Props/Misc_dressing_props/toolbox.glb,1.906
C_CARGOPACK,true,Center Cluster,CENTER_CLUSTER,Cargo pack dressing,Cargo Pack,assets/Content/Props/Misc_dressing_props,cargo_pack.glb,Binary glTF 2.0 (.glb),assets/Content/Props/Misc_dressing_props/cargo_pack.glb,Verified exact path,0.95,0.1,-1.7,0,21,0,1,1,1,AABB bottom-center; preserve aspect,0.62,Bottom-center,Preserve native axes,true,true,Secondary,None,Medium,0,Medium,,https://github.com/Facepunch/RustRelay.Assets/blob/494242bdeae941e3389b34a819c514aae2cf39f8/assets/Content/Props/Misc_dressing_props/cargo_pack.glb,https://cdn.jsdelivr.net/gh/Facepunch/RustRelay.Assets@494242bdeae941e3389b34a819c514aae2cf39f8/assets/Content/Props/Misc_dressing_props/cargo_pack.glb,1.95
C_RUBBLE_L,true,Center Cluster,CENTER_CLUSTER,Broken concrete pile,Conc Pile 3X6,assets/Content/Props/Rubble_piles,conc_pile_3x6.glb,Binary glTF 2.0 (.glb),assets/Content/Props/Rubble_piles/conc_pile_3x6.glb,Verified exact path,-2.2,-0.03,-2.95,0,15,0,0.92,0.92,0.92,AABB bottom-center; preserve aspect,1.85,Bottom-center,Preserve native axes,true,true,Secondary,Static mesh,Low,0,Medium,,https://github.com/Facepunch/RustRelay.Assets/blob/494242bdeae941e3389b34a819c514aae2cf39f8/assets/Content/Props/Rubble_piles/conc_pile_3x6.glb,https://cdn.jsdelivr.net/gh/Facepunch/RustRelay.Assets@494242bdeae941e3389b34a819c514aae2cf39f8/assets/Content/Props/Rubble_piles/conc_pile_3x6.glb,3.68
C_RUBBLE_R,true,Center Cluster,CENTER_CLUSTER,Broken brick pile,Brick Pile 3X6,assets/Content/Props/Rubble_piles,brick_pile_3x6.glb,Binary glTF 2.0 (.glb),assets/Content/Props/Rubble_piles/brick_pile_3x6.glb,Verified exact path,2.25,-0.03,-3.05,0,-18,0,0.95,0.95,0.95,AABB bottom-center; preserve aspect,1.9,Bottom-center,Preserve native axes,true,true,Secondary,Static mesh,Low,0,Medium,,https://github.com/Facepunch/RustRelay.Assets/blob/494242bdeae941e3389b34a819c514aae2cf39f8/assets/Content/Props/Rubble_piles/brick_pile_3x6.glb,https://cdn.jsdelivr.net/gh/Facepunch/RustRelay.Assets@494242bdeae941e3389b34a819c514aae2cf39f8/assets/Content/Props/Rubble_piles/brick_pile_3x6.glb,3.79
C_BARBED_TOP,true,Center Cluster,CENTER_CLUSTER,High rear wire silhouette,Barbedwire Set Straight300,assets/Content/Props/Barbedwire_set,barbedwire_set_straight300.glb,Binary glTF 2.0 (.glb),assets/Content/Props/Barbedwire_set/barbedwire_set_straight300.glb,Verified exact path,0,2.55,-4.62,0,0,0,1.25,1.25,1.25,AABB bottom-center; preserve aspect,3.75,Center,Long axis along X,true,true,Background,None,Low,0,Medium,,https://github.com/Facepunch/RustRelay.Assets/blob/494242bdeae941e3389b34a819c514aae2cf39f8/assets/Content/Props/Barbedwire_set/barbedwire_set_straight300.glb,https://cdn.jsdelivr.net/gh/Facepunch/RustRelay.Assets@494242bdeae941e3389b34a819c514aae2cf39f8/assets/Content/Props/Barbedwire_set/barbedwire_set_straight300.glb,5.277
R_SHELF_01,true,Right Cluster,RIGHT_CLUSTER,Rocket / weapons display shelf,Shelf3V2,assets/Content/Props/Old Shelves,shelf3v2.glb,Binary glTF 2.0 (.glb),assets/Content/Props/Old Shelves/shelf3v2.glb,Verified exact path,18.5,0,-9.5,0,-78,0,1.05,1.05,1.05,AABB bottom-center; preserve aspect,2.2,Bottom-center,Preserve native axes,true,true,Primary,Static mesh,High,0,Medium,,https://github.com/Facepunch/RustRelay.Assets/blob/494242bdeae941e3389b34a819c514aae2cf39f8/assets/Content/Props/Old%20Shelves/shelf3v2.glb,https://cdn.jsdelivr.net/gh/Facepunch/RustRelay.Assets@494242bdeae941e3389b34a819c514aae2cf39f8/assets/Content/Props/Old%20Shelves/shelf3v2.glb,20.797
R_MLRS_ROCKET_01,true,Right Cluster,RIGHT_CLUSTER,Upright rocket cluster,Rocket Mlrs Worldmodel,assets/Content/Vehicles/MLRS,rocket_mlrs.worldmodel.glb,Binary glTF 2.0 (.glb),assets/Content/Vehicles/MLRS/rocket_mlrs.worldmodel.glb,Verified exact path,3.28,0.08,-1.95,90,-5,-4,0.92,0.92,0.92,AABB bottom-center; preserve aspect,2.05,Tail / bottom-center,Long axis aligned +Y,true,true,Hero,None,Critical,0,Medium,Vary height ±0.08 m and lean ±5° to avoid a repeated/CG lineup.,https://github.com/Facepunch/RustRelay.Assets/blob/494242bdeae941e3389b34a819c514aae2cf39f8/assets/Content/Vehicles/MLRS/rocket_mlrs.worldmodel.glb,https://cdn.jsdelivr.net/gh/Facepunch/RustRelay.Assets@494242bdeae941e3389b34a819c514aae2cf39f8/assets/Content/Vehicles/MLRS/rocket_mlrs.worldmodel.glb,3.817
R_MLRS_ROCKET_02,true,Right Cluster,RIGHT_CLUSTER,Upright rocket cluster,Rocket Mlrs Worldmodel,assets/Content/Vehicles/MLRS,rocket_mlrs.worldmodel.glb,Binary glTF 2.0 (.glb),assets/Content/Vehicles/MLRS/rocket_mlrs.worldmodel.glb,Verified exact path,3.72,0.13,-2.12,90,4,2,0.92,0.92,0.92,AABB bottom-center; preserve aspect,2.13,Tail / bottom-center,Long axis aligned +Y,true,true,Hero,None,Critical,0,Medium,Vary height ±0.08 m and lean ±5° to avoid a repeated/CG lineup.,https://github.com/Facepunch/RustRelay.Assets/blob/494242bdeae941e3389b34a819c514aae2cf39f8/assets/Content/Vehicles/MLRS/rocket_mlrs.worldmodel.glb,https://cdn.jsdelivr.net/gh/Facepunch/RustRelay.Assets@494242bdeae941e3389b34a819c514aae2cf39f8/assets/Content/Vehicles/MLRS/rocket_mlrs.worldmodel.glb,4.284
R_MLRS_ROCKET_03,true,Right Cluster,RIGHT_CLUSTER,Upright rocket cluster,Rocket Mlrs Worldmodel,assets/Content/Vehicles/MLRS,rocket_mlrs.worldmodel.glb,Binary glTF 2.0 (.glb),assets/Content/Vehicles/MLRS/rocket_mlrs.worldmodel.glb,Verified exact path,4.14,0.1,-1.9,90,-2,-1,0.92,0.92,0.92,AABB bottom-center; preserve aspect,2.05,Tail / bottom-center,Long axis aligned +Y,true,true,Hero,None,Critical,0,Medium,Vary height ±0.08 m and lean ±5° to avoid a repeated/CG lineup.,https://github.com/Facepunch/RustRelay.Assets/blob/494242bdeae941e3389b34a819c514aae2cf39f8/assets/Content/Vehicles/MLRS/rocket_mlrs.worldmodel.glb,https://cdn.jsdelivr.net/gh/Facepunch/RustRelay.Assets@494242bdeae941e3389b34a819c514aae2cf39f8/assets/Content/Vehicles/MLRS/rocket_mlrs.worldmodel.glb,4.556
R_MLRS_ROCKET_04,true,Right Cluster,RIGHT_CLUSTER,Upright rocket cluster,Rocket Mlrs Worldmodel,assets/Content/Vehicles/MLRS,rocket_mlrs.worldmodel.glb,Binary glTF 2.0 (.glb),assets/Content/Vehicles/MLRS/rocket_mlrs.worldmodel.glb,Verified exact path,4.58,0.06,-2.18,90,5,4,0.92,0.92,0.92,AABB bottom-center; preserve aspect,2.05,Tail / bottom-center,Long axis aligned +Y,true,true,Hero,None,Critical,0,Medium,Vary height ±0.08 m and lean ±5° to avoid a repeated/CG lineup.,https://github.com/Facepunch/RustRelay.Assets/blob/494242bdeae941e3389b34a819c514aae2cf39f8/assets/Content/Vehicles/MLRS/rocket_mlrs.worldmodel.glb,https://cdn.jsdelivr.net/gh/Facepunch/RustRelay.Assets@494242bdeae941e3389b34a819c514aae2cf39f8/assets/Content/Vehicles/MLRS/rocket_mlrs.worldmodel.glb,5.073
R_MLRS_ROCKET_05,true,Right Cluster,RIGHT_CLUSTER,Upright rocket cluster,Rocket Mlrs Worldmodel,assets/Content/Vehicles/MLRS,rocket_mlrs.worldmodel.glb,Binary glTF 2.0 (.glb),assets/Content/Vehicles/MLRS/rocket_mlrs.worldmodel.glb,Verified exact path,5.02,0.11,-1.93,90,-4,-3,0.92,0.92,0.92,AABB bottom-center; preserve aspect,2.13,Tail / bottom-center,Long axis aligned +Y,true,true,Primary,None,Critical,0,Medium,Vary height ±0.08 m and lean ±5° to avoid a repeated/CG lineup.,https://github.com/Facepunch/RustRelay.Assets/blob/494242bdeae941e3389b34a819c514aae2cf39f8/assets/Content/Vehicles/MLRS/rocket_mlrs.worldmodel.glb,https://cdn.jsdelivr.net/gh/Facepunch/RustRelay.Assets@494242bdeae941e3389b34a819c514aae2cf39f8/assets/Content/Vehicles/MLRS/rocket_mlrs.worldmodel.glb,5.379
R_MLRS_ROCKET_06,true,Right Cluster,RIGHT_CLUSTER,Upright rocket cluster,Rocket Mlrs Worldmodel,assets/Content/Vehicles/MLRS,rocket_mlrs.worldmodel.glb,Binary glTF 2.0 (.glb),assets/Content/Vehicles/MLRS/rocket_mlrs.worldmodel.glb,Verified exact path,5.43,0.08,-2.16,90,3,3,0.92,0.92,0.92,AABB bottom-center; preserve aspect,2.05,Tail / bottom-center,Long axis aligned +Y,true,true,Primary,None,Critical,0,Medium,Vary height ±0.08 m and lean ±5° to avoid a repeated/CG lineup.,https://github.com/Facepunch/RustRelay.Assets/blob/494242bdeae941e3389b34a819c514aae2cf39f8/assets/Content/Vehicles/MLRS/rocket_mlrs.worldmodel.glb,https://cdn.jsdelivr.net/gh/Facepunch/RustRelay.Assets@494242bdeae941e3389b34a819c514aae2cf39f8/assets/Content/Vehicles/MLRS/rocket_mlrs.worldmodel.glb,5.844
R_ROCKET_LAUNCHER,true,Right Cluster,RIGHT_CLUSTER,Leaning rocket launcher,Rocketlauncher Worldmodel,assets/prefabs/Weapons/RocketLauncher,rocketlauncher.worldmodel.glb,Binary glTF 2.0 (.glb),assets/prefabs/Weapons/RocketLauncher/rocketlauncher.worldmodel.glb,Verified exact path,5.62,1.32,-1.68,0,-20,69,1,1,1,AABB bottom-center; preserve aspect,1.18,Object center,Long axis diagonal up-left,true,true,Hero,None,Critical,0,Medium,,https://github.com/Facepunch/RustRelay.Assets/blob/494242bdeae941e3389b34a819c514aae2cf39f8/assets/prefabs/Weapons/RocketLauncher/rocketlauncher.worldmodel.glb,https://cdn.jsdelivr.net/gh/Facepunch/RustRelay.Assets@494242bdeae941e3389b34a819c514aae2cf39f8/assets/prefabs/Weapons/RocketLauncher/rocketlauncher.worldmodel.glb,6.012
R_MISSILE_POD,true,Right Cluster,RIGHT_CLUSTER,Aircraft missile pod,Ahmissilepod,assets/Content/Vehicles/AttackHelicopter,ahmissilepod.glb,Binary glTF 2.0 (.glb),assets/Content/Vehicles/AttackHelicopter/ahmissilepod.glb,Verified exact path,12,0.8,-6.5,0,-52,6,0.85,0.85,0.85,AABB bottom-center; preserve aspect,1.35,Bottom-center,Pod openings face +Z/+X,true,true,Primary,None,High,0,Medium,,https://github.com/Facepunch/RustRelay.Assets/blob/494242bdeae941e3389b34a819c514aae2cf39f8/assets/Content/Vehicles/AttackHelicopter/ahmissilepod.glb,https://cdn.jsdelivr.net/gh/Facepunch/RustRelay.Assets@494242bdeae941e3389b34a819c514aae2cf39f8/assets/Content/Vehicles/AttackHelicopter/ahmissilepod.glb,13.671
R_ATTACKHELI_TURRET,true,Right Cluster,RIGHT_CLUSTER,Anti-vehicle turret silhouette,Turret Attackheli,assets/Content/Vehicles/AttackHelicopter/SubEnts,turret_attackheli.glb,Binary glTF 2.0 (.glb),assets/Content/Vehicles/AttackHelicopter/SubEnts/turret_attackheli.glb,Verified exact path,21,0.63,-5.5,0,-78,0,0.84,0.84,0.84,AABB bottom-center; preserve aspect,1.45,Bottom-center,Barrel toward -X/+Z,true,true,Primary,None,High,0,Medium,,https://github.com/Facepunch/RustRelay.Assets/blob/494242bdeae941e3389b34a819c514aae2cf39f8/assets/Content/Vehicles/AttackHelicopter/SubEnts/turret_attackheli.glb,https://cdn.jsdelivr.net/gh/Facepunch/RustRelay.Assets@494242bdeae941e3389b34a819c514aae2cf39f8/assets/Content/Vehicles/AttackHelicopter/SubEnts/turret_attackheli.glb,21.717
R_HELI_GUN,true,Right Cluster,RIGHT_CLUSTER,Detached helicopter gun,Heli Gun,assets/Content/Props/Helicopter_parts,heli_gun.glb,Binary glTF 2.0 (.glb),assets/Content/Props/Helicopter_parts/heli_gun.glb,Verified exact path,13,0.02,-6.8,8,-72,18,0.72,0.72,0.72,AABB bottom-center; preserve aspect,1.2,Bottom-center,Preserve native axes,true,true,Secondary,None,Medium,0,Medium,,https://github.com/Facepunch/RustRelay.Assets/blob/494242bdeae941e3389b34a819c514aae2cf39f8/assets/Content/Props/Helicopter_parts/heli_gun.glb,https://cdn.jsdelivr.net/gh/Facepunch/RustRelay.Assets@494242bdeae941e3389b34a819c514aae2cf39f8/assets/Content/Props/Helicopter_parts/heli_gun.glb,14.671
R_HELI_COCKPIT,true,Right Cluster,RIGHT_CLUSTER,Far-right helicopter wreck cockpit,Heli Cockpit,assets/Content/Props/Helicopter_parts,heli_cockpit.glb,Binary glTF 2.0 (.glb),assets/Content/Props/Helicopter_parts/heli_cockpit.glb,Verified exact path,21,-0.05,-8,0,-82,-5,0.86,0.86,0.86,AABB bottom-center; preserve aspect,2.35,Bottom-center,Preserve native axes,true,true,Background,None,Low,0,Medium,Only 40–55% should remain inside camera crop.,https://github.com/Facepunch/RustRelay.Assets/blob/494242bdeae941e3389b34a819c514aae2cf39f8/assets/Content/Props/Helicopter_parts/heli_cockpit.glb,https://cdn.jsdelivr.net/gh/Facepunch/RustRelay.Assets@494242bdeae941e3389b34a819c514aae2cf39f8/assets/Content/Props/Helicopter_parts/heli_cockpit.glb,22.472
R_HELI_TAIL,true,Right Cluster,RIGHT_CLUSTER,Rear helicopter tail wreck,Heli Tail,assets/Content/Props/Helicopter_parts,heli_tail.glb,Binary glTF 2.0 (.glb),assets/Content/Props/Helicopter_parts/heli_tail.glb,Verified exact path,23,0.1,-12,5,78,-12,0.88,0.88,0.88,AABB bottom-center; preserve aspect,2.45,Center,Long axis diagonal,true,true,Background,None,Low,0,Medium,,https://github.com/Facepunch/RustRelay.Assets/blob/494242bdeae941e3389b34a819c514aae2cf39f8/assets/Content/Props/Helicopter_parts/heli_tail.glb,https://cdn.jsdelivr.net/gh/Facepunch/RustRelay.Assets@494242bdeae941e3389b34a819c514aae2cf39f8/assets/Content/Props/Helicopter_parts/heli_tail.glb,25.942
R_HELI_DOOR,true,Right Cluster,RIGHT_CLUSTER,Leaning helicopter door,Heli Door A,assets/Content/Props/Helicopter_parts,heli_door_a.glb,Binary glTF 2.0 (.glb),assets/Content/Props/Helicopter_parts/heli_door_a.glb,Verified exact path,20.5,0.18,-6.5,0,-82,77,0.94,0.94,0.94,AABB bottom-center; preserve aspect,1.2,Bottom edge,Broad face toward +Z,true,true,Secondary,None,Medium,0,Medium,,https://github.com/Facepunch/RustRelay.Assets/blob/494242bdeae941e3389b34a819c514aae2cf39f8/assets/Content/Props/Helicopter_parts/heli_door_a.glb,https://cdn.jsdelivr.net/gh/Facepunch/RustRelay.Assets@494242bdeae941e3389b34a819c514aae2cf39f8/assets/Content/Props/Helicopter_parts/heli_door_a.glb,21.507
R_RUSTY_CAR,true,Right Cluster,RIGHT_CLUSTER,Partial vehicle wreck silhouette,Compact Car A Rusty,assets/Content/Vehicles/Compact,compact_car_a_rusty.glb,Binary glTF 2.0 (.glb),assets/Content/Vehicles/Compact/compact_car_a_rusty.glb,Verified exact path,12.8,-0.18,-9,4,-67,-9,0.72,0.72,0.72,AABB bottom-center; preserve aspect,3,Bottom-center,Preserve native axes,true,true,Background,None,Low,0,Medium,Use mainly for out-of-focus wheel/body silhouette; keep outside hero composition.,https://github.com/Facepunch/RustRelay.Assets/blob/494242bdeae941e3389b34a819c514aae2cf39f8/assets/Content/Vehicles/Compact/compact_car_a_rusty.glb,https://cdn.jsdelivr.net/gh/Facepunch/RustRelay.Assets@494242bdeae941e3389b34a819c514aae2cf39f8/assets/Content/Vehicles/Compact/compact_car_a_rusty.glb,15.648
R_JUNK_E,true,Right Cluster,RIGHT_CLUSTER,Right rear junk skyline,Junkyard Stack E,assets/Content/Props/Junkyard_stacks,junkyard_stack_e.glb,Binary glTF 2.0 (.glb),assets/Content/Props/Junkyard_stacks/junkyard_stack_e.glb,Verified exact path,6.1,0,-4.05,0,-16,0,1.12,1.12,1.12,AABB bottom-center; preserve aspect,2.7,Bottom-center,Preserve native axes,true,true,Background,None,Low,0,Medium,,https://github.com/Facepunch/RustRelay.Assets/blob/494242bdeae941e3389b34a819c514aae2cf39f8/assets/Content/Props/Junkyard_stacks/junkyard_stack_e.glb,https://cdn.jsdelivr.net/gh/Facepunch/RustRelay.Assets@494242bdeae941e3389b34a819c514aae2cf39f8/assets/Content/Props/Junkyard_stacks/junkyard_stack_e.glb,7.322
R_JUNK_F,true,Right Cluster,RIGHT_CLUSTER,Right-center junk skyline,Junkyard Stack F,assets/Content/Props/Junkyard_stacks,junkyard_stack_f.glb,Binary glTF 2.0 (.glb),assets/Content/Props/Junkyard_stacks/junkyard_stack_f.glb,Verified exact path,23,0,-12,0,-82,0,1.08,1.08,1.08,AABB bottom-center; preserve aspect,2.55,Bottom-center,Preserve native axes,true,true,Background,None,Low,0,Medium,,https://github.com/Facepunch/RustRelay.Assets/blob/494242bdeae941e3389b34a819c514aae2cf39f8/assets/Content/Props/Junkyard_stacks/junkyard_stack_f.glb,https://cdn.jsdelivr.net/gh/Facepunch/RustRelay.Assets@494242bdeae941e3389b34a819c514aae2cf39f8/assets/Content/Props/Junkyard_stacks/junkyard_stack_f.glb,25.942
R_CRATE_A,true,Right Cluster,RIGHT_CLUSTER,Red-side supply crate,Orangecrate A,assets/Content/Props/Food Containers,orangecrate_a.glb,Binary glTF 2.0 (.glb),assets/Content/Props/Food Containers/orangecrate_a.glb,Verified exact path,12,0,-5.5,0,-42,0,1,1,1,AABB bottom-center; preserve aspect,0.88,Bottom-center,Preserve native axes,true,true,Primary,Static box,High,0,Medium,,https://github.com/Facepunch/RustRelay.Assets/blob/494242bdeae941e3389b34a819c514aae2cf39f8/assets/Content/Props/Food%20Containers/orangecrate_a.glb,https://cdn.jsdelivr.net/gh/Facepunch/RustRelay.Assets@494242bdeae941e3389b34a819c514aae2cf39f8/assets/Content/Props/Food%20Containers/orangecrate_a.glb,13.2
R_CRATE_B,true,Right Cluster,RIGHT_CLUSTER,Upper supply crate,Fishing Net Crate B,assets/Content/Props/Fishing_nets,fishing_net_crate_b.glb,Binary glTF 2.0 (.glb),assets/Content/Props/Fishing_nets/fishing_net_crate_b.glb,Verified exact path,12.6,0.52,-5.9,0,-28,1,1,1,1,AABB bottom-center; preserve aspect,0.78,Bottom-center,Preserve native axes,true,true,Primary,Static box,Medium,0,Medium,,https://github.com/Facepunch/RustRelay.Assets/blob/494242bdeae941e3389b34a819c514aae2cf39f8/assets/Content/Props/Fishing_nets/fishing_net_crate_b.glb,https://cdn.jsdelivr.net/gh/Facepunch/RustRelay.Assets@494242bdeae941e3389b34a819c514aae2cf39f8/assets/Content/Props/Fishing_nets/fishing_net_crate_b.glb,13.923
R_BARREL_RED,true,Right Cluster,RIGHT_CLUSTER,Red fuel barrel accent,Fuel Barrel Red,assets/Content/Props/Barrels,fuel_barrel_red.glb,Binary glTF 2.0 (.glb),assets/Content/Props/Barrels/fuel_barrel_red.glb,Verified exact path,3.06,0,-1.42,0,-8,0,1,1,1,AABB bottom-center; preserve aspect,0.9,Bottom-center,Preserve native axes,true,true,Primary,Static cylinder,High,0,Medium,,https://github.com/Facepunch/RustRelay.Assets/blob/494242bdeae941e3389b34a819c514aae2cf39f8/assets/Content/Props/Barrels/fuel_barrel_red.glb,https://cdn.jsdelivr.net/gh/Facepunch/RustRelay.Assets@494242bdeae941e3389b34a819c514aae2cf39f8/assets/Content/Props/Barrels/fuel_barrel_red.glb,3.373
R_BARREL_YELLOW,true,Right Cluster,RIGHT_CLUSTER,Warm secondary barrel,Fuel Barrel Yellow,assets/Content/Props/Barrels,fuel_barrel_yellow.glb,Binary glTF 2.0 (.glb),assets/Content/Props/Barrels/fuel_barrel_yellow.glb,Verified exact path,12.2,0,-6.3,0,18,0,1,1,1,AABB bottom-center; preserve aspect,0.88,Bottom-center,Preserve native axes,true,true,Secondary,Static cylinder,Medium,0,Medium,,https://github.com/Facepunch/RustRelay.Assets/blob/494242bdeae941e3389b34a819c514aae2cf39f8/assets/Content/Props/Barrels/fuel_barrel_yellow.glb,https://cdn.jsdelivr.net/gh/Facepunch/RustRelay.Assets@494242bdeae941e3389b34a819c514aae2cf39f8/assets/Content/Props/Barrels/fuel_barrel_yellow.glb,13.731
R_JERRYCAN_BLACK,true,Right Cluster,RIGHT_CLUSTER,Black fuel can,Jerrycan Black,assets/Content/Props/JerryCan,jerrycan_black.glb,Binary glTF 2.0 (.glb),assets/Content/Props/JerryCan/jerrycan_black.glb,Verified exact path,5.1,0.02,-1.1,0,-23,0,1,1,1,AABB bottom-center; preserve aspect,0.46,Bottom-center,Preserve native axes,true,true,Secondary,None,Medium,0,Medium,,https://github.com/Facepunch/RustRelay.Assets/blob/494242bdeae941e3389b34a819c514aae2cf39f8/assets/Content/Props/JerryCan/jerrycan_black.glb,https://cdn.jsdelivr.net/gh/Facepunch/RustRelay.Assets@494242bdeae941e3389b34a819c514aae2cf39f8/assets/Content/Props/JerryCan/jerrycan_black.glb,5.217
R_JERRYCAN_YELLOW,true,Right Cluster,RIGHT_CLUSTER,Yellow fuel can,Jerrycan Yellow,assets/Content/Props/JerryCan,jerrycan_yellow.glb,Binary glTF 2.0 (.glb),assets/Content/Props/JerryCan/jerrycan_yellow.glb,Verified exact path,5.38,0.02,-1.02,0,18,0,1,1,1,AABB bottom-center; preserve aspect,0.46,Bottom-center,Preserve native axes,true,true,Secondary,None,Medium,0,Medium,,https://github.com/Facepunch/RustRelay.Assets/blob/494242bdeae941e3389b34a819c514aae2cf39f8/assets/Content/Props/JerryCan/jerrycan_yellow.glb,https://cdn.jsdelivr.net/gh/Facepunch/RustRelay.Assets@494242bdeae941e3389b34a819c514aae2cf39f8/assets/Content/Props/JerryCan/jerrycan_yellow.glb,5.476
R_BARBED_BEND,true,Right Cluster,RIGHT_CLUSTER,Right rear barbed-wire curl,Barbedwire Set Bend90,assets/Content/Props/Barbedwire_set,barbedwire_set_bend90.glb,Binary glTF 2.0 (.glb),assets/Content/Props/Barbedwire_set/barbedwire_set_bend90.glb,Verified exact path,6.2,1.05,-4.55,0,-16,0,1.05,1.05,1.05,AABB bottom-center; preserve aspect,2.3,Center,Open bend toward center,true,true,Background,None,Low,0,Medium,,https://github.com/Facepunch/RustRelay.Assets/blob/494242bdeae941e3389b34a819c514aae2cf39f8/assets/Content/Props/Barbedwire_set/barbedwire_set_bend90.glb,https://cdn.jsdelivr.net/gh/Facepunch/RustRelay.Assets@494242bdeae941e3389b34a819c514aae2cf39f8/assets/Content/Props/Barbedwire_set/barbedwire_set_bend90.glb,7.762
R_RUBBLE,true,Right Cluster,RIGHT_CLUSTER,Vehicle-wreck rubble pile,Conc Pile 6X6,assets/Content/Props/Rubble_piles,conc_pile_6x6.glb,Binary glTF 2.0 (.glb),assets/Content/Props/Rubble_piles/conc_pile_6x6.glb,Verified exact path,5.85,-0.04,-3.18,0,-10,0,0.88,0.88,0.88,AABB bottom-center; preserve aspect,2.1,Bottom-center,Preserve native axes,true,true,Secondary,Static mesh,Low,0,Medium,,https://github.com/Facepunch/RustRelay.Assets/blob/494242bdeae941e3389b34a819c514aae2cf39f8/assets/Content/Props/Rubble_piles/conc_pile_6x6.glb,https://cdn.jsdelivr.net/gh/Facepunch/RustRelay.Assets@494242bdeae941e3389b34a819c514aae2cf39f8/assets/Content/Props/Rubble_piles/conc_pile_6x6.glb,6.659
FG_WHEEL_L,true,Left Cluster,LEFT_CLUSTER,Left foreground wheel,Metalwheel,assets/Content/Props/Metal Wheel,metalwheel.glb,Binary glTF 2.0 (.glb),assets/Content/Props/Metal Wheel/metalwheel.glb,Verified exact path,-13,0.16,-4.8,90,22,18,1,1,1,AABB bottom-center; preserve aspect,0.82,Bottom-center,Preserve native axes,true,true,Secondary,Static mesh,Low,0,Medium,Keep below podium top line and outside rank-number plaques.,https://github.com/Facepunch/RustRelay.Assets/blob/494242bdeae941e3389b34a819c514aae2cf39f8/assets/Content/Props/Metal%20Wheel/metalwheel.glb,https://cdn.jsdelivr.net/gh/Facepunch/RustRelay.Assets@494242bdeae941e3389b34a819c514aae2cf39f8/assets/Content/Props/Metal%20Wheel/metalwheel.glb,13.859
FG_WHEEL_R,true,Right Cluster,RIGHT_CLUSTER,Right foreground wheel,Metalwheel,assets/Content/Props/Metal Wheel,metalwheel.glb,Binary glTF 2.0 (.glb),assets/Content/Props/Metal Wheel/metalwheel.glb,Verified exact path,13,0.15,-4.8,90,-22,-22,1,1,1,AABB bottom-center; preserve aspect,0.78,Bottom-center,Preserve native axes,true,true,Secondary,Static mesh,Low,0,Medium,Keep below podium top line and outside rank-number plaques.,https://github.com/Facepunch/RustRelay.Assets/blob/494242bdeae941e3389b34a819c514aae2cf39f8/assets/Content/Props/Metal%20Wheel/metalwheel.glb,https://cdn.jsdelivr.net/gh/Facepunch/RustRelay.Assets@494242bdeae941e3389b34a819c514aae2cf39f8/assets/Content/Props/Metal%20Wheel/metalwheel.glb,13.859
FG_RUBBLE_L,true,Foreground,FOREGROUND,Left podium transition rubble,Brick Pile 6X6,assets/Content/Props/Rubble_piles,brick_pile_6x6.glb,Binary glTF 2.0 (.glb),assets/Content/Props/Rubble_piles/brick_pile_6x6.glb,Verified exact path,-2.65,-0.05,0.95,0,18,0,1,1,1,AABB bottom-center; preserve aspect,1.4,Bottom-center,Preserve native axes,true,true,Secondary,Static mesh,Low,0,Medium,Keep below podium top line and outside rank-number plaques.,https://github.com/Facepunch/RustRelay.Assets/blob/494242bdeae941e3389b34a819c514aae2cf39f8/assets/Content/Props/Rubble_piles/brick_pile_6x6.glb,https://cdn.jsdelivr.net/gh/Facepunch/RustRelay.Assets@494242bdeae941e3389b34a819c514aae2cf39f8/assets/Content/Props/Rubble_piles/brick_pile_6x6.glb,2.816
FG_RUBBLE_C,true,Foreground,FOREGROUND,Center podium transition rubble,Breeze Block Pile A,assets/Content/Props/Rubble_piles,breeze_block_pile_a.glb,Binary glTF 2.0 (.glb),assets/Content/Props/Rubble_piles/breeze_block_pile_a.glb,Verified exact path,0.15,-0.05,1.2,0,-7,0,1,1,1,AABB bottom-center; preserve aspect,1.2,Bottom-center,Preserve native axes,true,true,Secondary,Static mesh,Low,0,Medium,Keep below podium top line and outside rank-number plaques.,https://github.com/Facepunch/RustRelay.Assets/blob/494242bdeae941e3389b34a819c514aae2cf39f8/assets/Content/Props/Rubble_piles/breeze_block_pile_a.glb,https://cdn.jsdelivr.net/gh/Facepunch/RustRelay.Assets@494242bdeae941e3389b34a819c514aae2cf39f8/assets/Content/Props/Rubble_piles/breeze_block_pile_a.glb,1.21
FG_RUBBLE_R,true,Foreground,FOREGROUND,Right podium transition rubble,Conc Pile 3X6,assets/Content/Props/Rubble_piles,conc_pile_3x6.glb,Binary glTF 2.0 (.glb),assets/Content/Props/Rubble_piles/conc_pile_3x6.glb,Verified exact path,2.8,-0.05,0.92,0,-16,0,1,1,1,AABB bottom-center; preserve aspect,1.45,Bottom-center,Preserve native axes,true,true,Secondary,Static mesh,Low,0,Medium,Keep below podium top line and outside rank-number plaques.,https://github.com/Facepunch/RustRelay.Assets/blob/494242bdeae941e3389b34a819c514aae2cf39f8/assets/Content/Props/Rubble_piles/conc_pile_3x6.glb,https://cdn.jsdelivr.net/gh/Facepunch/RustRelay.Assets@494242bdeae941e3389b34a819c514aae2cf39f8/assets/Content/Props/Rubble_piles/conc_pile_3x6.glb,2.948
FG_GRAVEL,true,Foreground,FOREGROUND,Ground breakup behind center podium,Coal Pile Gravel 6X6,assets/Content/Props/Rubble_piles,coal_pile_gravel_6x6.glb,Binary glTF 2.0 (.glb),assets/Content/Props/Rubble_piles/coal_pile_gravel_6x6.glb,Verified exact path,0,-0.09,-0.65,0,4,0,1,1,1,AABB bottom-center; preserve aspect,2,Bottom-center,Preserve native axes,true,true,Secondary,Static mesh,Low,0,Medium,Keep below podium top line and outside rank-number plaques.,https://github.com/Facepunch/RustRelay.Assets/blob/494242bdeae941e3389b34a819c514aae2cf39f8/assets/Content/Props/Rubble_piles/coal_pile_gravel_6x6.glb,https://cdn.jsdelivr.net/gh/Facepunch/RustRelay.Assets@494242bdeae941e3389b34a819c514aae2cf39f8/assets/Content/Props/Rubble_piles/coal_pile_gravel_6x6.glb,0.656
FIX_SEARCH_L,true,Lighting Fixtures,LIGHTING_FIXTURES,Left high searchlight fixture,Searchlight Static Mt,assets/Content/Props/Lights_Prefabs,searchlight_static_mt.glb,Binary glTF 2.0 (.glb),assets/Content/Props/Lights_Prefabs/searchlight_static_mt.glb,Verified exact path,-20.5,4.65,-7,12,78,0,1,1,1,AABB bottom-center; preserve aspect,1.05,Bottom-center,Preserve native axes,true,true,Primary,None,Low,0,Medium,Fixture mesh is visual only; corresponding runtime light/volume is defined on Camera & Lighting sheet.,https://github.com/Facepunch/RustRelay.Assets/blob/494242bdeae941e3389b34a819c514aae2cf39f8/assets/Content/Props/Lights_Prefabs/searchlight_static_mt.glb,https://cdn.jsdelivr.net/gh/Facepunch/RustRelay.Assets@494242bdeae941e3389b34a819c514aae2cf39f8/assets/Content/Props/Lights_Prefabs/searchlight_static_mt.glb,22.156
FIX_SEARCH_R,true,Lighting Fixtures,LIGHTING_FIXTURES,Right high searchlight fixture,Searchlight Static Mt,assets/Content/Props/Lights_Prefabs,searchlight_static_mt.glb,Binary glTF 2.0 (.glb),assets/Content/Props/Lights_Prefabs/searchlight_static_mt.glb,Verified exact path,20.5,4.72,-7,13,-78,0,1,1,1,AABB bottom-center; preserve aspect,1.05,Bottom-center,Preserve native axes,true,true,Primary,None,Low,0,Medium,Fixture mesh is visual only; corresponding runtime light/volume is defined on Camera & Lighting sheet.,https://github.com/Facepunch/RustRelay.Assets/blob/494242bdeae941e3389b34a819c514aae2cf39f8/assets/Content/Props/Lights_Prefabs/searchlight_static_mt.glb,https://cdn.jsdelivr.net/gh/Facepunch/RustRelay.Assets@494242bdeae941e3389b34a819c514aae2cf39f8/assets/Content/Props/Lights_Prefabs/searchlight_static_mt.glb,22.17
FIX_CEILING_L,true,Lighting Fixtures,LIGHTING_FIXTURES,Left ceiling practical,Scrap Ceilinglight,assets/Content/Props/Misc_dressing_props/Minors,scrap_ceilinglight.glb,Binary glTF 2.0 (.glb),assets/Content/Props/Misc_dressing_props/Minors/scrap_ceilinglight.glb,Verified exact path,-1.72,5,-2.85,0,0,0,1,1,1,AABB bottom-center; preserve aspect,0.8,Bottom-center,Preserve native axes,true,true,Secondary,None,Low,0,Medium,Fixture mesh is visual only; corresponding runtime light/volume is defined on Camera & Lighting sheet.,https://github.com/Facepunch/RustRelay.Assets/blob/494242bdeae941e3389b34a819c514aae2cf39f8/assets/Content/Props/Misc_dressing_props/Minors/scrap_ceilinglight.glb,https://cdn.jsdelivr.net/gh/Facepunch/RustRelay.Assets@494242bdeae941e3389b34a819c514aae2cf39f8/assets/Content/Props/Misc_dressing_props/Minors/scrap_ceilinglight.glb,6.007
FIX_CEILING_R,true,Lighting Fixtures,LIGHTING_FIXTURES,Right ceiling practical,Scrap Ceilinglight Flickering,assets/Content/Props/Misc_dressing_props/Minors,scrap_ceilinglight_flickering.glb,Binary glTF 2.0 (.glb),assets/Content/Props/Misc_dressing_props/Minors/scrap_ceilinglight_flickering.glb,Verified exact path,1.78,5.02,-2.82,0,0,0,1,1,1,AABB bottom-center; preserve aspect,0.8,Bottom-center,Preserve native axes,true,true,Secondary,None,Low,0,Medium,Fixture mesh is visual only; corresponding runtime light/volume is defined on Camera & Lighting sheet.,https://github.com/Facepunch/RustRelay.Assets/blob/494242bdeae941e3389b34a819c514aae2cf39f8/assets/Content/Props/Misc_dressing_props/Minors/scrap_ceilinglight_flickering.glb,https://cdn.jsdelivr.net/gh/Facepunch/RustRelay.Assets@494242bdeae941e3389b34a819c514aae2cf39f8/assets/Content/Props/Misc_dressing_props/Minors/scrap_ceilinglight_flickering.glb,6.027
FIX_BARREL_LIGHT,true,Lighting Fixtures,LIGHTING_FIXTURES,Low warm practical,Light Barrel Station,assets/Content/Props/Misc_dressing_props/Minors,light_barrel_station.glb,Binary glTF 2.0 (.glb),assets/Content/Props/Misc_dressing_props/Minors/light_barrel_station.glb,Verified exact path,-13.2,0,-7.2,0,62,0,1,1,1,AABB bottom-center; preserve aspect,1,Bottom-center,Preserve native axes,true,true,Secondary,None,Low,0,Medium,Fixture mesh is visual only; corresponding runtime light/volume is defined on Camera & Lighting sheet.,https://github.com/Facepunch/RustRelay.Assets/blob/494242bdeae941e3389b34a819c514aae2cf39f8/assets/Content/Props/Misc_dressing_props/Minors/light_barrel_station.glb,https://cdn.jsdelivr.net/gh/Facepunch/RustRelay.Assets@494242bdeae941e3389b34a819c514aae2cf39f8/assets/Content/Props/Misc_dressing_props/Minors/light_barrel_station.glb,15.036
FIX_LIGHTPOST_R,true,Lighting Fixtures,LIGHTING_FIXTURES,Far-right silhouette practical,Lightpost A,assets/Content/Props/Lightpost,lightpost_a.glb,Binary glTF 2.0 (.glb),assets/Content/Props/Lightpost/lightpost_a.glb,Verified exact path,13.2,0,-7.2,0,-48,0,1,1,1,AABB bottom-center; preserve aspect,2.8,Bottom-center,Preserve native axes,true,true,Secondary,None,Low,0,Medium,Fixture mesh is visual only; corresponding runtime light/volume is defined on Camera & Lighting sheet.,https://github.com/Facepunch/RustRelay.Assets/blob/494242bdeae941e3389b34a819c514aae2cf39f8/assets/Content/Props/Lightpost/lightpost_a.glb,https://cdn.jsdelivr.net/gh/Facepunch/RustRelay.Assets@494242bdeae941e3389b34a819c514aae2cf39f8/assets/Content/Props/Lightpost/lightpost_a.glb,15.036
FIX_FOG_L,true,FX Fixtures,FX,Left haze source fixture,Fogmachine,assets/Content/Props/Fog Machine,fogmachine.glb,Binary glTF 2.0 (.glb),assets/Content/Props/Fog Machine/fogmachine.glb,Verified exact path,-13,0.02,-6.6,0,68,0,1,1,1,AABB bottom-center; preserve aspect,0.58,Bottom-center,Preserve native axes,true,true,Secondary,None,Low,0,Medium,Fixture mesh is visual only; corresponding runtime light/volume is defined on Camera & Lighting sheet.,https://github.com/Facepunch/RustRelay.Assets/blob/494242bdeae941e3389b34a819c514aae2cf39f8/assets/Content/Props/Fog%20Machine/fogmachine.glb,https://cdn.jsdelivr.net/gh/Facepunch/RustRelay.Assets@494242bdeae941e3389b34a819c514aae2cf39f8/assets/Content/Props/Fog%20Machine/fogmachine.glb,14.579
FIX_FOG_C,true,FX Fixtures,FX,Center haze source fixture,Fogmachine,assets/Content/Props/Fog Machine,fogmachine.glb,Binary glTF 2.0 (.glb),assets/Content/Props/Fog Machine/fogmachine.glb,Verified exact path,0,0.02,-4.2,0,0,0,1,1,1,AABB bottom-center; preserve aspect,0.58,Bottom-center,Preserve native axes,true,true,Secondary,None,Low,0,Medium,Fixture mesh is visual only; corresponding runtime light/volume is defined on Camera & Lighting sheet.,https://github.com/Facepunch/RustRelay.Assets/blob/494242bdeae941e3389b34a819c514aae2cf39f8/assets/Content/Props/Fog%20Machine/fogmachine.glb,https://cdn.jsdelivr.net/gh/Facepunch/RustRelay.Assets@494242bdeae941e3389b34a819c514aae2cf39f8/assets/Content/Props/Fog%20Machine/fogmachine.glb,4.2
FIX_FOG_R,true,FX Fixtures,FX,Right haze source fixture,Fogmachine,assets/Content/Props/Fog Machine,fogmachine.glb,Binary glTF 2.0 (.glb),assets/Content/Props/Fog Machine/fogmachine.glb,Verified exact path,13,0.02,-6.6,0,-68,0,1,1,1,AABB bottom-center; preserve aspect,0.58,Bottom-center,Preserve native axes,true,true,Secondary,None,Low,0,Medium,Fixture mesh is visual only; corresponding runtime light/volume is defined on Camera & Lighting sheet.,https://github.com/Facepunch/RustRelay.Assets/blob/494242bdeae941e3389b34a819c514aae2cf39f8/assets/Content/Props/Fog%20Machine/fogmachine.glb,https://cdn.jsdelivr.net/gh/Facepunch/RustRelay.Assets@494242bdeae941e3389b34a819c514aae2cf39f8/assets/Content/Props/Fog%20Machine/fogmachine.glb,14.579
BG_MOUND_01,true,Backdrop,BACKDROP,Rear far-left junkyard mound,Junkyard Mound A,assets/Content/structures/Junkyard,junkyard_mound_a.glb,Binary glTF 2.0 (.glb),assets/Content/structures/Junkyard/junkyard_mound_a.glb,Verified exact path,-12.8,-0.25,-17.4,0,12,0,0.105,0.19,0.105,Native-meters preferred,11,Bottom-center,,false,true,Background,,Low,-5,,,https://github.com/Facepunch/RustRelay.Assets/blob/494242bdeae941e3389b34a819c514aae2cf39f8/assets/Content/structures/Junkyard/junkyard_mound_a.glb,https://cdn.jsdelivr.net/gh/Facepunch/RustRelay.Assets@494242bdeae941e3389b34a819c514aae2cf39f8/assets/Content/structures/Junkyard/junkyard_mound_a.glb,21.602
BG_MOUND_02,true,Backdrop,BACKDROP,Rear left junkyard mound,Junkyard Mound B,assets/Content/structures/Junkyard,junkyard_mound_b.glb,Binary glTF 2.0 (.glb),assets/Content/structures/Junkyard/junkyard_mound_b.glb,Verified exact path,-6.5,-0.22,-17.1,0,-8,0,0.11,0.2,0.11,Native-meters preferred,9,Bottom-center,,false,true,Background,,Low,-5,,,https://github.com/Facepunch/RustRelay.Assets/blob/494242bdeae941e3389b34a819c514aae2cf39f8/assets/Content/structures/Junkyard/junkyard_mound_b.glb,https://cdn.jsdelivr.net/gh/Facepunch/RustRelay.Assets@494242bdeae941e3389b34a819c514aae2cf39f8/assets/Content/structures/Junkyard/junkyard_mound_b.glb,18.295
BG_MOUND_03,true,Backdrop,BACKDROP,Rear center junkyard mound,Junkyard Mound C,assets/Content/structures/Junkyard,junkyard_mound_c.glb,Binary glTF 2.0 (.glb),assets/Content/structures/Junkyard/junkyard_mound_c.glb,Verified exact path,0,-0.2,-17.8,0,18,0,0.14,0.24,0.14,Native-meters preferred,10,Bottom-center,,false,true,Background,,Low,-5,,,https://github.com/Facepunch/RustRelay.Assets/blob/494242bdeae941e3389b34a819c514aae2cf39f8/assets/Content/structures/Junkyard/junkyard_mound_c.glb,https://cdn.jsdelivr.net/gh/Facepunch/RustRelay.Assets@494242bdeae941e3389b34a819c514aae2cf39f8/assets/Content/structures/Junkyard/junkyard_mound_c.glb,17.801
BG_MOUND_04,true,Backdrop,BACKDROP,Rear right junkyard mound,Junkyard Mound A,assets/Content/structures/Junkyard,junkyard_mound_a.glb,Binary glTF 2.0 (.glb),assets/Content/structures/Junkyard/junkyard_mound_a.glb,Verified exact path,6.5,-0.22,-17.1,0,8,0,0.11,0.2,0.11,Native-meters preferred,11,Bottom-center,,false,true,Background,,Low,-5,,,https://github.com/Facepunch/RustRelay.Assets/blob/494242bdeae941e3389b34a819c514aae2cf39f8/assets/Content/structures/Junkyard/junkyard_mound_a.glb,https://cdn.jsdelivr.net/gh/Facepunch/RustRelay.Assets@494242bdeae941e3389b34a819c514aae2cf39f8/assets/Content/structures/Junkyard/junkyard_mound_a.glb,18.295
BG_MOUND_05,true,Backdrop,BACKDROP,Rear far-right junkyard mound,Junkyard Mound B,assets/Content/structures/Junkyard,junkyard_mound_b.glb,Binary glTF 2.0 (.glb),assets/Content/structures/Junkyard/junkyard_mound_b.glb,Verified exact path,12.8,-0.25,-17.4,0,-12,0,0.105,0.19,0.105,Native-meters preferred,9,Bottom-center,,false,true,Background,,Low,-5,,,https://github.com/Facepunch/RustRelay.Assets/blob/494242bdeae941e3389b34a819c514aae2cf39f8/assets/Content/structures/Junkyard/junkyard_mound_b.glb,https://cdn.jsdelivr.net/gh/Facepunch/RustRelay.Assets@494242bdeae941e3389b34a819c514aae2cf39f8/assets/Content/structures/Junkyard/junkyard_mound_b.glb,21.602
BG_MOUND_06,true,Backdrop,BACKDROP,Left rear junkyard mound,Junkyard Mound A,assets/Content/structures/Junkyard,junkyard_mound_a.glb,Binary glTF 2.0 (.glb),assets/Content/structures/Junkyard/junkyard_mound_a.glb,Verified exact path,-20.5,-0.25,-14,0,82,0,0.105,0.2,0.105,Native-meters preferred,11,Bottom-center,,false,true,Background,,Low,-5,,,https://github.com/Facepunch/RustRelay.Assets/blob/494242bdeae941e3389b34a819c514aae2cf39f8/assets/Content/structures/Junkyard/junkyard_mound_a.glb,https://cdn.jsdelivr.net/gh/Facepunch/RustRelay.Assets@494242bdeae941e3389b34a819c514aae2cf39f8/assets/Content/structures/Junkyard/junkyard_mound_a.glb,24.826
BG_MOUND_07,true,Backdrop,BACKDROP,Left middle junkyard mound,Junkyard Mound B,assets/Content/structures/Junkyard,junkyard_mound_b.glb,Binary glTF 2.0 (.glb),assets/Content/structures/Junkyard/junkyard_mound_b.glb,Verified exact path,-22.5,-0.25,-9,0,90,0,0.12,0.21,0.12,Native-meters preferred,10,Bottom-center,,false,true,Background,,Low,-5,,,https://github.com/Facepunch/RustRelay.Assets/blob/494242bdeae941e3389b34a819c514aae2cf39f8/assets/Content/structures/Junkyard/junkyard_mound_b.glb,https://cdn.jsdelivr.net/gh/Facepunch/RustRelay.Assets@494242bdeae941e3389b34a819c514aae2cf39f8/assets/Content/structures/Junkyard/junkyard_mound_b.glb,24.235
BG_MOUND_08,true,Backdrop,BACKDROP,Left foreground junkyard mound,Junkyard Mound C,assets/Content/structures/Junkyard,junkyard_mound_c.glb,Binary glTF 2.0 (.glb),assets/Content/structures/Junkyard/junkyard_mound_c.glb,Verified exact path,-24,-0.2,-4,0,96,0,0.14,0.24,0.14,Native-meters preferred,10,Bottom-center,,false,true,Background,,Low,-5,,,https://github.com/Facepunch/RustRelay.Assets/blob/494242bdeae941e3389b34a819c514aae2cf39f8/assets/Content/structures/Junkyard/junkyard_mound_c.glb,https://cdn.jsdelivr.net/gh/Facepunch/RustRelay.Assets@494242bdeae941e3389b34a819c514aae2cf39f8/assets/Content/structures/Junkyard/junkyard_mound_c.glb,24.332
BG_MOUND_09,true,Backdrop,BACKDROP,Right rear junkyard mound,Junkyard Mound A,assets/Content/structures/Junkyard,junkyard_mound_a.glb,Binary glTF 2.0 (.glb),assets/Content/structures/Junkyard/junkyard_mound_a.glb,Verified exact path,20.5,-0.25,-14,0,-82,0,0.105,0.2,0.105,Native-meters preferred,11,Bottom-center,,false,true,Background,,Low,-5,,,https://github.com/Facepunch/RustRelay.Assets/blob/494242bdeae941e3389b34a819c514aae2cf39f8/assets/Content/structures/Junkyard/junkyard_mound_a.glb,https://cdn.jsdelivr.net/gh/Facepunch/RustRelay.Assets@494242bdeae941e3389b34a819c514aae2cf39f8/assets/Content/structures/Junkyard/junkyard_mound_a.glb,24.826
BG_MOUND_10,true,Backdrop,BACKDROP,Right middle junkyard mound,Junkyard Mound B,assets/Content/structures/Junkyard,junkyard_mound_b.glb,Binary glTF 2.0 (.glb),assets/Content/structures/Junkyard/junkyard_mound_b.glb,Verified exact path,22.5,-0.25,-9,0,-90,0,0.12,0.21,0.12,Native-meters preferred,10,Bottom-center,,false,true,Background,,Low,-5,,,https://github.com/Facepunch/RustRelay.Assets/blob/494242bdeae941e3389b34a819c514aae2cf39f8/assets/Content/structures/Junkyard/junkyard_mound_b.glb,https://cdn.jsdelivr.net/gh/Facepunch/RustRelay.Assets@494242bdeae941e3389b34a819c514aae2cf39f8/assets/Content/structures/Junkyard/junkyard_mound_b.glb,24.235
BG_MOUND_11,true,Backdrop,BACKDROP,Right foreground junkyard mound,Junkyard Mound C,assets/Content/structures/Junkyard,junkyard_mound_c.glb,Binary glTF 2.0 (.glb),assets/Content/structures/Junkyard/junkyard_mound_c.glb,Verified exact path,24,-0.2,-4,0,-96,0,0.14,0.24,0.14,Native-meters preferred,10,Bottom-center,,false,true,Background,,Low,-5,,,https://github.com/Facepunch/RustRelay.Assets/blob/494242bdeae941e3389b34a819c514aae2cf39f8/assets/Content/structures/Junkyard/junkyard_mound_c.glb,https://cdn.jsdelivr.net/gh/Facepunch/RustRelay.Assets@494242bdeae941e3389b34a819c514aae2cf39f8/assets/Content/structures/Junkyard/junkyard_mound_c.glb,24.332
BG_MOUND_12,true,Backdrop,BACKDROP,Left forward-rear junkyard mound,Junkyard Mound A,assets/Content/structures/Junkyard,junkyard_mound_a.glb,Binary glTF 2.0 (.glb),assets/Content/structures/Junkyard/junkyard_mound_a.glb,Verified exact path,-24.5,-0.23,0.5,0,102,0,0.105,0.19,0.105,Native-meters preferred,11,Bottom-center,,false,true,Background,,Low,-5,,Forward side mound receives a restrained warm emissive lift at runtime for readability at orbit extremes.,https://github.com/Facepunch/RustRelay.Assets/blob/494242bdeae941e3389b34a819c514aae2cf39f8/assets/Content/structures/Junkyard/junkyard_mound_a.glb,https://cdn.jsdelivr.net/gh/Facepunch/RustRelay.Assets@494242bdeae941e3389b34a819c514aae2cf39f8/assets/Content/structures/Junkyard/junkyard_mound_a.glb,24.506
BG_MOUND_13,true,Backdrop,BACKDROP,Left forward-middle junkyard mound,Junkyard Mound B,assets/Content/structures/Junkyard,junkyard_mound_b.glb,Binary glTF 2.0 (.glb),assets/Content/structures/Junkyard/junkyard_mound_b.glb,Verified exact path,-23,-0.23,5,0,108,0,0.11,0.2,0.11,Native-meters preferred,10,Bottom-center,,false,true,Background,,Low,-5,,Forward side mound receives a restrained warm emissive lift at runtime for readability at orbit extremes.,https://github.com/Facepunch/RustRelay.Assets/blob/494242bdeae941e3389b34a819c514aae2cf39f8/assets/Content/structures/Junkyard/junkyard_mound_b.glb,https://cdn.jsdelivr.net/gh/Facepunch/RustRelay.Assets@494242bdeae941e3389b34a819c514aae2cf39f8/assets/Content/structures/Junkyard/junkyard_mound_b.glb,23.538
BG_MOUND_14,true,Backdrop,BACKDROP,Left front-edge junkyard mound,Junkyard Mound C,assets/Content/structures/Junkyard,junkyard_mound_c.glb,Binary glTF 2.0 (.glb),assets/Content/structures/Junkyard/junkyard_mound_c.glb,Verified exact path,-20,-0.2,9.5,0,116,0,0.12,0.22,0.12,Native-meters preferred,10,Bottom-center,,false,true,Background,,Low,-5,,Forward side mound receives a restrained warm emissive lift at runtime for readability at orbit extremes.,https://github.com/Facepunch/RustRelay.Assets/blob/494242bdeae941e3389b34a819c514aae2cf39f8/assets/Content/structures/Junkyard/junkyard_mound_c.glb,https://cdn.jsdelivr.net/gh/Facepunch/RustRelay.Assets@494242bdeae941e3389b34a819c514aae2cf39f8/assets/Content/structures/Junkyard/junkyard_mound_c.glb,22.142
BG_MOUND_15,true,Backdrop,BACKDROP,Right forward-rear junkyard mound,Junkyard Mound A,assets/Content/structures/Junkyard,junkyard_mound_a.glb,Binary glTF 2.0 (.glb),assets/Content/structures/Junkyard/junkyard_mound_a.glb,Verified exact path,24.5,-0.23,0.5,0,-102,0,0.105,0.19,0.105,Native-meters preferred,11,Bottom-center,,false,true,Background,,Low,-5,,Forward side mound receives a restrained warm emissive lift at runtime for readability at orbit extremes.,https://github.com/Facepunch/RustRelay.Assets/blob/494242bdeae941e3389b34a819c514aae2cf39f8/assets/Content/structures/Junkyard/junkyard_mound_a.glb,https://cdn.jsdelivr.net/gh/Facepunch/RustRelay.Assets@494242bdeae941e3389b34a819c514aae2cf39f8/assets/Content/structures/Junkyard/junkyard_mound_a.glb,24.506
BG_MOUND_16,true,Backdrop,BACKDROP,Right forward-middle junkyard mound,Junkyard Mound B,assets/Content/structures/Junkyard,junkyard_mound_b.glb,Binary glTF 2.0 (.glb),assets/Content/structures/Junkyard/junkyard_mound_b.glb,Verified exact path,23,-0.23,5,0,-108,0,0.11,0.2,0.11,Native-meters preferred,10,Bottom-center,,false,true,Background,,Low,-5,,Forward side mound receives a restrained warm emissive lift at runtime for readability at orbit extremes.,https://github.com/Facepunch/RustRelay.Assets/blob/494242bdeae941e3389b34a819c514aae2cf39f8/assets/Content/structures/Junkyard/junkyard_mound_b.glb,https://cdn.jsdelivr.net/gh/Facepunch/RustRelay.Assets@494242bdeae941e3389b34a819c514aae2cf39f8/assets/Content/structures/Junkyard/junkyard_mound_b.glb,23.538
BG_MOUND_17,true,Backdrop,BACKDROP,Right front-edge junkyard mound,Junkyard Mound C,assets/Content/structures/Junkyard,junkyard_mound_c.glb,Binary glTF 2.0 (.glb),assets/Content/structures/Junkyard/junkyard_mound_c.glb,Verified exact path,20,-0.2,9.5,0,-116,0,0.12,0.22,0.12,Native-meters preferred,10,Bottom-center,,false,true,Background,,Low,-5,,Forward side mound receives a restrained warm emissive lift at runtime for readability at orbit extremes.,https://github.com/Facepunch/RustRelay.Assets/blob/494242bdeae941e3389b34a819c514aae2cf39f8/assets/Content/structures/Junkyard/junkyard_mound_c.glb,https://cdn.jsdelivr.net/gh/Facepunch/RustRelay.Assets@494242bdeae941e3389b34a819c514aae2cf39f8/assets/Content/structures/Junkyard/junkyard_mound_c.glb,22.142
BG_DETAIL_01,true,Backdrop,BACKDROP,Embedded compact wreck,Rusty Compact Car,assets/Content/Vehicles/Compact,compact_car_a_rusty.glb,Binary glTF 2.0 (.glb),assets/Content/Vehicles/Compact/compact_car_a_rusty.glb,Verified exact path,-12.5,1.4,-17,8,24,-12,0.95,0.95,0.95,Native-meters preferred,4.5,Bottom-center,,false,true,Detail,,Low,-3,,,https://github.com/Facepunch/RustRelay.Assets/blob/494242bdeae941e3389b34a819c514aae2cf39f8/assets/Content/Vehicles/Compact/compact_car_a_rusty.glb,https://cdn.jsdelivr.net/gh/Facepunch/RustRelay.Assets@494242bdeae941e3389b34a819c514aae2cf39f8/assets/Content/Vehicles/Compact/compact_car_a_rusty.glb,21.147
BG_DETAIL_02,true,Backdrop,BACKDROP,Embedded pickup wreck,Shreddable Pickup Truck,assets/Content/Vehicles/Crane_Magnet,shreddable_pickuptruck.glb,Binary glTF 2.0 (.glb),assets/Content/Vehicles/Crane_Magnet/shreddable_pickuptruck.glb,Verified exact path,-9.5,1.1,-16.5,-6,-40,8,0.9,0.9,0.9,Native-meters preferred,5.2,Bottom-center,,false,true,Detail,,Low,-3,,,https://github.com/Facepunch/RustRelay.Assets/blob/494242bdeae941e3389b34a819c514aae2cf39f8/assets/Content/Vehicles/Crane_Magnet/shreddable_pickuptruck.glb,https://cdn.jsdelivr.net/gh/Facepunch/RustRelay.Assets@494242bdeae941e3389b34a819c514aae2cf39f8/assets/Content/Vehicles/Crane_Magnet/shreddable_pickuptruck.glb,19.071
BG_DETAIL_03,true,Backdrop,BACKDROP,Embedded compact wreck,Rusty Compact Car,assets/Content/Vehicles/Compact,compact_car_a_rusty.glb,Binary glTF 2.0 (.glb),assets/Content/Vehicles/Compact/compact_car_a_rusty.glb,Verified exact path,-6.4,1.6,-17.2,12,95,14,0.92,0.92,0.92,Native-meters preferred,4.4,Bottom-center,,false,true,Detail,,Low,-3,,,https://github.com/Facepunch/RustRelay.Assets/blob/494242bdeae941e3389b34a819c514aae2cf39f8/assets/Content/Vehicles/Compact/compact_car_a_rusty.glb,https://cdn.jsdelivr.net/gh/Facepunch/RustRelay.Assets@494242bdeae941e3389b34a819c514aae2cf39f8/assets/Content/Vehicles/Compact/compact_car_a_rusty.glb,18.422
BG_DETAIL_04,true,Backdrop,BACKDROP,Embedded pickup wreck,Shreddable Pickup Truck,assets/Content/Vehicles/Crane_Magnet,shreddable_pickuptruck.glb,Binary glTF 2.0 (.glb),assets/Content/Vehicles/Crane_Magnet/shreddable_pickuptruck.glb,Verified exact path,-2.6,1.5,-17.5,-9,20,-13,0.9,0.9,0.9,Native-meters preferred,5.2,Bottom-center,,false,true,Detail,,Low,-3,,,https://github.com/Facepunch/RustRelay.Assets/blob/494242bdeae941e3389b34a819c514aae2cf39f8/assets/Content/Vehicles/Crane_Magnet/shreddable_pickuptruck.glb,https://cdn.jsdelivr.net/gh/Facepunch/RustRelay.Assets@494242bdeae941e3389b34a819c514aae2cf39f8/assets/Content/Vehicles/Crane_Magnet/shreddable_pickuptruck.glb,17.756
BG_DETAIL_05,true,Backdrop,BACKDROP,Embedded compact wreck,Rusty Compact Car,assets/Content/Vehicles/Compact,compact_car_a_rusty.glb,Binary glTF 2.0 (.glb),assets/Content/Vehicles/Compact/compact_car_a_rusty.glb,Verified exact path,0.7,2,-17.8,16,-22,8,0.95,0.95,0.95,Native-meters preferred,4.5,Bottom-center,,false,true,Detail,,Low,-3,,,https://github.com/Facepunch/RustRelay.Assets/blob/494242bdeae941e3389b34a819c514aae2cf39f8/assets/Content/Vehicles/Compact/compact_car_a_rusty.glb,https://cdn.jsdelivr.net/gh/Facepunch/RustRelay.Assets@494242bdeae941e3389b34a819c514aae2cf39f8/assets/Content/Vehicles/Compact/compact_car_a_rusty.glb,17.926
BG_DETAIL_06,true,Backdrop,BACKDROP,Embedded pickup wreck,Shreddable Pickup Truck,assets/Content/Vehicles/Crane_Magnet,shreddable_pickuptruck.glb,Binary glTF 2.0 (.glb),assets/Content/Vehicles/Crane_Magnet/shreddable_pickuptruck.glb,Verified exact path,4.1,1.45,-17.3,-12,64,11,0.88,0.88,0.88,Native-meters preferred,5.1,Bottom-center,,false,true,Detail,,Low,-3,,,https://github.com/Facepunch/RustRelay.Assets/blob/494242bdeae941e3389b34a819c514aae2cf39f8/assets/Content/Vehicles/Crane_Magnet/shreddable_pickuptruck.glb,https://cdn.jsdelivr.net/gh/Facepunch/RustRelay.Assets@494242bdeae941e3389b34a819c514aae2cf39f8/assets/Content/Vehicles/Crane_Magnet/shreddable_pickuptruck.glb,17.838
BG_DETAIL_07,true,Backdrop,BACKDROP,Embedded compact wreck,Rusty Compact Car,assets/Content/Vehicles/Compact,compact_car_a_rusty.glb,Binary glTF 2.0 (.glb),assets/Content/Vehicles/Compact/compact_car_a_rusty.glb,Verified exact path,7.2,1.5,-16.8,9,-48,-14,0.92,0.92,0.92,Native-meters preferred,4.4,Bottom-center,,false,true,Detail,,Low,-3,,,https://github.com/Facepunch/RustRelay.Assets/blob/494242bdeae941e3389b34a819c514aae2cf39f8/assets/Content/Vehicles/Compact/compact_car_a_rusty.glb,https://cdn.jsdelivr.net/gh/Facepunch/RustRelay.Assets@494242bdeae941e3389b34a819c514aae2cf39f8/assets/Content/Vehicles/Compact/compact_car_a_rusty.glb,18.339
BG_DETAIL_08,true,Backdrop,BACKDROP,Embedded pickup wreck,Shreddable Pickup Truck,assets/Content/Vehicles/Crane_Magnet,shreddable_pickuptruck.glb,Binary glTF 2.0 (.glb),assets/Content/Vehicles/Crane_Magnet/shreddable_pickuptruck.glb,Verified exact path,11,1.35,-17.1,-8,26,12,0.9,0.9,0.9,Native-meters preferred,5.2,Bottom-center,,false,true,Detail,,Low,-3,,,https://github.com/Facepunch/RustRelay.Assets/blob/494242bdeae941e3389b34a819c514aae2cf39f8/assets/Content/Vehicles/Crane_Magnet/shreddable_pickuptruck.glb,https://cdn.jsdelivr.net/gh/Facepunch/RustRelay.Assets@494242bdeae941e3389b34a819c514aae2cf39f8/assets/Content/Vehicles/Crane_Magnet/shreddable_pickuptruck.glb,20.377
BG_DETAIL_09,true,Backdrop,BACKDROP,Left-side compact wreck,Rusty Compact Car,assets/Content/Vehicles/Compact,compact_car_a_rusty.glb,Binary glTF 2.0 (.glb),assets/Content/Vehicles/Compact/compact_car_a_rusty.glb,Verified exact path,-21,1.5,-12.5,14,88,-9,0.92,0.92,0.92,Native-meters preferred,4.4,Bottom-center,,false,true,Detail,,Low,-3,,,https://github.com/Facepunch/RustRelay.Assets/blob/494242bdeae941e3389b34a819c514aae2cf39f8/assets/Content/Vehicles/Compact/compact_car_a_rusty.glb,https://cdn.jsdelivr.net/gh/Facepunch/RustRelay.Assets@494242bdeae941e3389b34a819c514aae2cf39f8/assets/Content/Vehicles/Compact/compact_car_a_rusty.glb,24.485
BG_DETAIL_10,true,Backdrop,BACKDROP,Left-side pickup wreck,Shreddable Pickup Truck,assets/Content/Vehicles/Crane_Magnet,shreddable_pickuptruck.glb,Binary glTF 2.0 (.glb),assets/Content/Vehicles/Crane_Magnet/shreddable_pickuptruck.glb,Verified exact path,-23,1.35,-7,-10,96,12,0.9,0.9,0.9,Native-meters preferred,5.2,Bottom-center,,false,true,Detail,,Low,-3,,,https://github.com/Facepunch/RustRelay.Assets/blob/494242bdeae941e3389b34a819c514aae2cf39f8/assets/Content/Vehicles/Crane_Magnet/shreddable_pickuptruck.glb,https://cdn.jsdelivr.net/gh/Facepunch/RustRelay.Assets@494242bdeae941e3389b34a819c514aae2cf39f8/assets/Content/Vehicles/Crane_Magnet/shreddable_pickuptruck.glb,24.08
BG_DETAIL_11,true,Backdrop,BACKDROP,Right-side compact wreck,Rusty Compact Car,assets/Content/Vehicles/Compact,compact_car_a_rusty.glb,Binary glTF 2.0 (.glb),assets/Content/Vehicles/Compact/compact_car_a_rusty.glb,Verified exact path,21,1.5,-12.5,14,-88,9,0.92,0.92,0.92,Native-meters preferred,4.4,Bottom-center,,false,true,Detail,,Low,-3,,,https://github.com/Facepunch/RustRelay.Assets/blob/494242bdeae941e3389b34a819c514aae2cf39f8/assets/Content/Vehicles/Compact/compact_car_a_rusty.glb,https://cdn.jsdelivr.net/gh/Facepunch/RustRelay.Assets@494242bdeae941e3389b34a819c514aae2cf39f8/assets/Content/Vehicles/Compact/compact_car_a_rusty.glb,24.485
BG_DETAIL_12,true,Backdrop,BACKDROP,Right-side pickup wreck,Shreddable Pickup Truck,assets/Content/Vehicles/Crane_Magnet,shreddable_pickuptruck.glb,Binary glTF 2.0 (.glb),assets/Content/Vehicles/Crane_Magnet/shreddable_pickuptruck.glb,Verified exact path,23,1.35,-7,-10,-96,-12,0.9,0.9,0.9,Native-meters preferred,5.2,Bottom-center,,false,true,Detail,,Low,-3,,,https://github.com/Facepunch/RustRelay.Assets/blob/494242bdeae941e3389b34a819c514aae2cf39f8/assets/Content/Vehicles/Crane_Magnet/shreddable_pickuptruck.glb,https://cdn.jsdelivr.net/gh/Facepunch/RustRelay.Assets@494242bdeae941e3389b34a819c514aae2cf39f8/assets/Content/Vehicles/Crane_Magnet/shreddable_pickuptruck.glb,24.08
BG_DETAIL_13,true,Backdrop,BACKDROP,Left foreground junk stack,Junkyard Stack A,assets/Content/Props/Junkyard_stacks,junkyard_stack_a.glb,Binary glTF 2.0 (.glb),assets/Content/Props/Junkyard_stacks/junkyard_stack_a.glb,Verified exact path,-24,0.2,-4.5,0,78,0,0.9,0.9,0.9,Native-meters preferred,3.5,Bottom-center,,false,true,Detail,,Low,-3,,,https://github.com/Facepunch/RustRelay.Assets/blob/494242bdeae941e3389b34a819c514aae2cf39f8/assets/Content/Props/Junkyard_stacks/junkyard_stack_a.glb,https://cdn.jsdelivr.net/gh/Facepunch/RustRelay.Assets@494242bdeae941e3389b34a819c514aae2cf39f8/assets/Content/Props/Junkyard_stacks/junkyard_stack_a.glb,24.419
BG_DETAIL_14,true,Backdrop,BACKDROP,Left foreground junk stack,Junkyard Stack B,assets/Content/Props/Junkyard_stacks,junkyard_stack_b.glb,Binary glTF 2.0 (.glb),assets/Content/Props/Junkyard_stacks/junkyard_stack_b.glb,Verified exact path,-25,0.25,-8.5,0,102,0,0.9,0.9,0.9,Native-meters preferred,3.5,Bottom-center,,false,true,Detail,,Low,-3,,,https://github.com/Facepunch/RustRelay.Assets/blob/494242bdeae941e3389b34a819c514aae2cf39f8/assets/Content/Props/Junkyard_stacks/junkyard_stack_b.glb,https://cdn.jsdelivr.net/gh/Facepunch/RustRelay.Assets@494242bdeae941e3389b34a819c514aae2cf39f8/assets/Content/Props/Junkyard_stacks/junkyard_stack_b.glb,26.407
BG_DETAIL_15,true,Backdrop,BACKDROP,Right foreground junk stack,Junkyard Stack C,assets/Content/Props/Junkyard_stacks,junkyard_stack_c.glb,Binary glTF 2.0 (.glb),assets/Content/Props/Junkyard_stacks/junkyard_stack_c.glb,Verified exact path,24,0.2,-4.5,0,-78,0,0.9,0.9,0.9,Native-meters preferred,3.5,Bottom-center,,false,true,Detail,,Low,-3,,,https://github.com/Facepunch/RustRelay.Assets/blob/494242bdeae941e3389b34a819c514aae2cf39f8/assets/Content/Props/Junkyard_stacks/junkyard_stack_c.glb,https://cdn.jsdelivr.net/gh/Facepunch/RustRelay.Assets@494242bdeae941e3389b34a819c514aae2cf39f8/assets/Content/Props/Junkyard_stacks/junkyard_stack_c.glb,24.419
BG_DETAIL_16,true,Backdrop,BACKDROP,Right foreground junk stack,Junkyard Stack D,assets/Content/Props/Junkyard_stacks,junkyard_stack_d.glb,Binary glTF 2.0 (.glb),assets/Content/Props/Junkyard_stacks/junkyard_stack_d.glb,Verified exact path,25,0.25,-8.5,0,-102,0,0.9,0.9,0.9,Native-meters preferred,3.5,Bottom-center,,false,true,Detail,,Low,-3,,,https://github.com/Facepunch/RustRelay.Assets/blob/494242bdeae941e3389b34a819c514aae2cf39f8/assets/Content/Props/Junkyard_stacks/junkyard_stack_d.glb,https://cdn.jsdelivr.net/gh/Facepunch/RustRelay.Assets@494242bdeae941e3389b34a819c514aae2cf39f8/assets/Content/Props/Junkyard_stacks/junkyard_stack_d.glb,26.407
BG_DETAIL_17,true,Backdrop,BACKDROP,Rear-left junk stack,Junkyard Stack E,assets/Content/Props/Junkyard_stacks,junkyard_stack_e.glb,Binary glTF 2.0 (.glb),assets/Content/Props/Junkyard_stacks/junkyard_stack_e.glb,Verified exact path,-4,0.15,-15.8,0,12,0,0.9,0.9,0.9,Native-meters preferred,3.5,Bottom-center,,false,true,Detail,,Low,-3,,,https://github.com/Facepunch/RustRelay.Assets/blob/494242bdeae941e3389b34a819c514aae2cf39f8/assets/Content/Props/Junkyard_stacks/junkyard_stack_e.glb,https://cdn.jsdelivr.net/gh/Facepunch/RustRelay.Assets@494242bdeae941e3389b34a819c514aae2cf39f8/assets/Content/Props/Junkyard_stacks/junkyard_stack_e.glb,16.299
BG_DETAIL_18,true,Backdrop,BACKDROP,Rear-right junk stack,Junkyard Stack F,assets/Content/Props/Junkyard_stacks,junkyard_stack_f.glb,Binary glTF 2.0 (.glb),assets/Content/Props/Junkyard_stacks/junkyard_stack_f.glb,Verified exact path,4,0.15,-15.8,0,-12,0,0.9,0.9,0.9,Native-meters preferred,3.5,Bottom-center,,false,true,Detail,,Low,-3,,,https://github.com/Facepunch/RustRelay.Assets/blob/494242bdeae941e3389b34a819c514aae2cf39f8/assets/Content/Props/Junkyard_stacks/junkyard_stack_f.glb,https://cdn.jsdelivr.net/gh/Facepunch/RustRelay.Assets@494242bdeae941e3389b34a819c514aae2cf39f8/assets/Content/Props/Junkyard_stacks/junkyard_stack_f.glb,16.299
